customer_id,age,total_orders,total_spending,avg_order_value,avg_discount,avg_rating,cluster
C-0001,65,12,19921.05,1660.0874999999999,313.16249999999997,4.083333333333333,1
C-0002,26,5,13101.65,2620.33,483.66999999999996,3.4,1
C-0003,23,6,8609.85,1434.9750000000001,72.025,3.8333333333333335,1
C-0004,19,4,3703.34,925.835,72.66499999999999,3.0,1
C-0005,50,5,46362.85,9272.57,785.8299999999999,3.4,0
C-0006,30,7,18307.71,2615.387142857143,382.7557142857143,4.0,1
C-0007,32,2,1956.4,978.2,119.8,4.5,1
C-0008,18,3,5832.41,1944.1366666666665,120.52999999999999,4.333333333333333,1
C-0009,35,5,15247.599999999999,3049.5199999999995,488.48,3.4,1
C-0010,24,3,3944.24,1314.7466666666667,125.92,3.3333333333333335,1
C-0011,40,9,29053.030000000002,3228.114444444445,395.55222222222227,4.111111111111111,1
C-0012,20,7,14647.92,2092.56,268.86857142857144,2.7142857142857144,1
C-0013,25,4,6162.98,1540.745,131.255,3.25,1
C-0014,36,3,2372.35,790.7833333333333,41.55,3.0,1
C-0015,54,8,25016.600000000002,3127.0750000000003,206.04999999999998,3.375,1
C-0016,60,4,3269.2799999999997,817.3199999999999,56.93,2.75,1
C-0017,32,2,1258.2,629.1,94.9,5.0,1
C-0018,47,9,19795.489999999998,2199.498888888889,254.50111111111107,3.5555555555555554,1
C-0019,41,8,21020.74,2627.5925,276.5325,3.5,1
C-0020,62,6,23312.850000000002,3885.4750000000004,88.19166666666666,2.8333333333333335,1
C-0021,58,12,34056.39,2838.0325,389.9675,4.083333333333333,1
C-0022,28,6,11246.7,1874.45,140.88333333333335,3.8333333333333335,1
C-0023,58,10,20561.95,2056.195,217.40500000000003,3.7,1
C-0024,61,6,38441.29,6406.881666666667,1083.785,4.333333333333333,0
C-0025,20,4,9079.52,2269.88,291.37,4.75,1
C-0026,22,10,60020.340000000004,6002.034000000001,640.766,3.6,0
C-0027,31,8,19032.64,2379.08,166.67000000000002,3.375,1
C-0028,59,9,54496.52,6055.168888888888,715.3866666666667,3.0,0
C-0029,26,4,4588.65,1147.1625,39.3375,3.5,1
C-0030,34,7,20916.8,2988.1142857142854,709.6000000000001,4.142857142857143,1
C-0031,55,5,4435.43,887.086,59.11400000000001,4.2,1
C-0032,26,8,11591.65,1448.95625,62.29375,3.5,1
C-0033,21,11,16154.23,1468.5663636363636,191.52454545454546,3.090909090909091,1
C-0034,61,7,13180.13,1882.8757142857141,212.41,3.7142857142857144,1
C-0035,42,6,8840.1,1473.3500000000001,191.48333333333335,4.0,1
C-0036,51,8,50013.42,6251.6775,796.0725,3.5,0
C-0037,61,12,76399.13,6366.594166666667,167.23916666666665,3.75,0
C-0038,35,11,64525.56,5865.96,500.76727272727277,4.090909090909091,0
C-0039,36,5,16329.39,3265.8779999999997,387.12199999999996,4.2,1
C-0040,18,3,17897.440000000002,5965.813333333334,1298.5200000000002,4.0,0
C-0041,29,8,25492.33,3186.54125,148.70874999999998,3.875,1
C-0042,58,6,18001.54,3000.2566666666667,206.57666666666668,4.666666666666667,1
C-0043,27,9,19314.68,2146.0755555555556,324.5911111111111,4.0,1
C-0044,51,7,7704.76,1100.68,90.74857142857142,4.0,1
C-0045,49,3,2538.12,846.04,35.96,3.0,1
C-0046,37,8,26633.86,3329.2325,250.7675,3.75,1
C-0047,54,6,14577.99,2429.665,374.83500000000004,3.8333333333333335,1
C-0048,22,7,17277.52,2468.217142857143,250.9257142857143,3.857142857142857,1
C-0049,60,8,7847.69,980.96125,180.03875,3.5,1
C-0050,34,5,11489.14,2297.828,360.572,1.8,1
C-0051,31,5,8893.74,1778.748,219.852,3.8,1
C-0052,43,10,16348.94,1634.894,128.506,3.8,1
C-0053,51,11,83096.52,7554.229090909092,987.3163636363638,3.727272727272727,0
C-0054,32,16,36351.700000000004,2271.9812500000003,243.70625,3.125,1
C-0055,55,6,18764.85,3127.475,365.85833333333335,4.166666666666667,1
C-0056,32,4,11855.73,2963.9325,584.8175,2.5,1
C-0057,32,3,3049.55,1016.5166666666668,57.48333333333333,3.3333333333333335,1
C-0058,22,7,14736.45,2105.207142857143,104.22142857142856,3.857142857142857,1
C-0059,60,7,26080.09,3725.727142857143,701.5585714285714,4.571428571428571,1
C-0060,26,7,33529.44,4789.92,197.07999999999998,4.0,1
C-0061,48,6,22956.15,3826.025,663.475,4.0,1
C-0062,30,4,12666.81,3166.7025,207.0475,2.5,1
C-0063,40,6,7916.86,1319.4766666666667,137.02333333333334,3.3333333333333335,1
C-0064,64,3,21547.25,7182.416666666667,333.25,4.0,1
C-0065,43,4,15554.07,3888.5175,684.2325000000001,4.25,1
C-0066,33,3,2244.85,748.2833333333333,134.04999999999998,4.0,1
C-0067,46,4,6391.05,1597.7625,75.4875,3.75,1
C-0068,35,8,8172.639999999999,1021.5799999999999,102.04499999999999,3.375,1
C-0069,46,5,8093.799999999999,1618.7599999999998,190.44,3.6,1
C-0070,59,7,11406.64,1629.52,168.33714285714288,3.4285714285714284,1
C-0071,33,7,15480.63,2211.5185714285712,172.62428571428572,3.5714285714285716,1
C-0072,48,6,25280.64,4213.44,142.22666666666666,4.5,1
C-0073,28,4,1513.65,378.4125,41.8375,3.5,1
C-0074,34,6,16867.2,2811.2000000000003,53.800000000000004,4.0,1
C-0075,62,11,28787.1,2617.009090909091,460.99090909090916,3.909090909090909,1
C-0076,27,4,5773.9800000000005,1443.4950000000001,192.255,3.75,1
C-0077,21,3,3516.2,1172.0666666666666,59.93333333333334,4.333333333333333,1
C-0078,65,4,3052.25,763.0625,110.4375,3.25,1
C-0079,55,4,7725.95,1931.4875,181.0125,4.0,1
C-0080,28,6,6418.94,1069.8233333333333,76.67666666666666,3.8333333333333335,1
C-0081,29,6,29941.890000000003,4990.3150000000005,1045.3516666666667,3.0,0
C-0082,61,6,22698.25,3783.0416666666665,473.4583333333334,3.6666666666666665,1
C-0083,54,6,10211.57,1701.9283333333333,212.07166666666663,3.8333333333333335,1
C-0084,20,7,8506.69,1215.2414285714287,69.33,3.5714285714285716,1
C-0085,60,7,6121.9,874.5571428571428,76.87142857142858,2.4285714285714284,1
C-0086,38,7,7036.23,1005.1757142857142,77.25285714285714,3.7142857142857144,1
C-0087,33,5,6876.75,1375.35,122.65,3.8,1
C-0088,60,5,6112.67,1222.534,113.46599999999998,3.6,1
C-0089,38,8,18487.940000000002,2310.9925000000003,169.6325,3.125,1
C-0090,57,4,5975.96,1493.99,167.51,2.75,1
C-0091,52,4,5041.85,1260.4625,81.7875,3.0,1
C-0092,26,4,7247.57,1811.8925,73.3575,2.75,1
C-0093,41,2,1497.2,748.6,49.9,4.5,1
C-0094,52,4,17838.2,4459.55,307.70000000000005,4.0,1
C-0095,59,4,6723.71,1680.9275,192.3225,4.75,1
C-0096,37,12,26188.47,2182.3725,237.54416666666665,3.9166666666666665,1
C-0097,34,11,19308.45,1755.3136363636365,154.32272727272726,3.727272727272727,1
C-0099,31,5,5899.25,1179.85,88.35,3.4,1
C-0100,61,7,15131.93,2161.7042857142856,149.01,4.0,1
C-0101,49,6,15271.15,2545.1916666666666,185.64166666666665,2.6666666666666665,1
C-0102,58,3,5130.65,1710.2166666666665,271.45,4.333333333333333,1
C-0103,18,4,10443.8,2610.95,200.54999999999998,3.75,1
C-0104,28,7,15735.11,2247.8728571428574,178.41285714285712,4.857142857142857,1
C-0105,63,7,19872.7,2838.957142857143,387.4714285714286,2.7142857142857144,1
C-0106,25,6,6957.35,1159.5583333333334,137.10833333333332,4.5,1
C-0107,20,3,7038.54,2346.18,251.82000000000002,2.6666666666666665,1
C-0108,27,5,9793.38,1958.676,278.724,3.6,1
C-0109,37,6,8485.439999999999,1414.2399999999998,67.59333333333333,4.5,1
C-0110,31,8,7843.21,980.40125,104.22375000000001,3.25,1
C-0111,40,2,4701.32,2350.66,297.84000000000003,3.0,1
C-0112,65,7,18516.9,2645.2714285714287,174.15714285714284,4.0,1
C-0113,29,8,16449.82,2056.2275,120.39750000000001,4.75,1
C-0114,65,5,6550.32,1310.0639999999999,179.136,4.4,1
C-0115,35,4,4354.35,1088.5875,85.41250000000001,2.5,1
C-0116,20,8,15359.130000000001,1919.8912500000001,100.73375,3.125,1
C-0117,47,2,9697.24,4848.62,599.88,2.5,1
C-0118,32,7,10005.21,1429.3157142857142,133.11285714285714,4.0,1
C-0119,39,11,29340.699999999997,2667.3363636363633,62.3,3.8181818181818183,1
C-0120,40,10,13789.24,1378.924,49.676,3.0,1
C-0121,61,6,3709.35,618.225,53.275000000000006,3.3333333333333335,1
C-0122,25,7,21186.04,3026.577142857143,521.8514285714285,3.142857142857143,1
C-0123,34,5,3611.11,722.222,66.578,3.8,1
C-0124,45,4,6091.15,1522.7875,144.9625,3.0,1
C-0125,56,5,7709.05,1541.81,216.79000000000002,4.2,1
C-0126,54,2,6796.349999999999,3398.1749999999997,423.32500000000005,2.5,1
C-0127,63,7,10547.88,1506.84,191.5885714285714,3.4285714285714284,1
C-0128,52,7,34997.11,4999.587142857143,756.1271428571429,3.857142857142857,0
C-0129,45,3,7582.68,2527.56,337.1066666666666,2.6666666666666665,1
C-0130,38,4,3623.9300000000003,905.9825000000001,135.5175,3.75,1
C-0131,50,12,74978.55,6248.212500000001,871.1208333333333,3.3333333333333335,0
C-0132,43,4,8735.4,2183.85,127.4,4.0,1
C-0133,26,8,20177.760000000002,2522.2200000000003,295.03000000000003,3.125,1
C-0134,61,8,8866.82,1108.3525,105.64750000000001,3.75,1
C-0135,54,4,41750.869999999995,10437.717499999999,510.5325,3.5,0
C-0136,18,5,2805.37,561.074,42.326,2.8,1
C-0137,45,5,7460.08,1492.016,76.184,3.6,1
C-0138,47,7,30001.69,4285.955714285714,126.61571428571428,3.7142857142857144,1
C-0139,50,5,8675.86,1735.172,243.42800000000003,4.2,1
C-0140,36,3,1913.67,637.89,127.44333333333333,4.333333333333333,1
C-0141,23,6,7770.14,1295.0233333333333,203.4766666666667,3.3333333333333335,1
C-0142,30,5,7551.62,1510.324,67.076,3.6,1
C-0143,33,7,14235.050000000001,2033.5785714285716,334.70714285714286,3.4285714285714284,1
C-0144,47,8,24002.48,3000.31,147.565,3.25,1
C-0145,63,6,5204.68,867.4466666666667,64.72,4.333333333333333,1
C-0146,43,9,19005.16,2111.6844444444446,281.20444444444445,2.888888888888889,1
C-0147,24,4,19280.45,4820.1125,202.3875,4.75,1
C-0148,62,9,17006.68,1889.631111111111,221.48,2.6666666666666665,1
C-0149,53,4,5603.5,1400.875,97.375,2.75,1
C-0150,26,2,1349.0,674.5,0.0,2.5,1
C-0151,56,3,3660.33,1220.11,23.89,2.3333333333333335,1
C-0152,64,6,33914.75,5652.458333333333,829.5416666666666,3.1666666666666665,0
C-0153,46,8,8790.9,1098.8625,87.3875,4.125,1
C-0154,34,2,4734.6,2367.3,329.70000000000005,4.5,1
C-0155,49,6,10243.679999999998,1707.2799999999997,158.05333333333334,4.166666666666667,1
C-0156,46,7,23588.26,3369.7514285714283,242.39142857142858,4.571428571428571,1
C-0157,35,7,32409.65,4629.95,439.1928571428571,3.857142857142857,1
C-0158,23,5,51196.3,10239.26,1938.5400000000002,3.6,0
C-0159,42,5,7294.22,1458.844,124.95599999999999,3.2,1
C-0160,22,5,14437.5,2887.5,90.9,3.6,1
C-0161,52,2,2097.0,1048.5,0.0,2.5,1
C-0162,31,12,51739.409999999996,4311.617499999999,468.21583333333336,4.25,0
C-0163,62,5,9850.18,1970.036,298.764,1.6,1
C-0164,48,7,47418.12,6774.017142857143,145.55428571428573,3.4285714285714284,0
C-0165,42,6,7283.55,1213.925,93.40833333333335,3.3333333333333335,1
C-0166,56,6,9949.220000000001,1658.2033333333336,49.129999999999995,4.333333333333333,1
C-0167,35,4,33889.64,8472.41,350.84000000000003,2.75,0
C-0168,42,9,15252.0,1694.6666666666667,215.11111111111111,4.333333333333333,1
C-0169,47,2,2448.23,1224.115,174.88500000000002,3.0,1
C-0170,19,5,5877.6,1175.52,114.47999999999999,4.2,1
C-0171,60,7,11465.03,1637.8614285714286,75.28142857142858,2.857142857142857,1
C-0172,26,3,6540.16,2180.0533333333333,59.28,3.0,1
C-0173,34,6,16737.39,2789.565,42.434999999999995,3.6666666666666665,1
C-0174,47,7,10428.83,1489.8328571428572,151.73857142857145,3.142857142857143,1
C-0175,35,3,3524.25,1174.75,56.583333333333336,3.0,1
C-0176,48,5,12324.380000000001,2464.876,53.124,3.2,1
C-0177,40,5,5905.07,1181.014,227.586,3.6,1
C-0178,19,5,4942.799999999999,988.5599999999998,91.03999999999999,3.2,1
C-0179,57,6,51100.659999999996,8516.776666666667,823.2233333333334,3.6666666666666665,0
C-0180,48,8,12725.66,1590.7075,147.1675,4.5,1
C-0181,31,5,3597.8,719.5600000000001,64.64,3.2,1
C-0182,28,5,7824.47,1564.894,73.90599999999999,4.4,1
C-0183,28,6,7164.15,1194.0249999999999,225.64166666666665,3.8333333333333335,1
C-0184,19,7,10630.0,1518.5714285714287,129.85714285714286,2.5714285714285716,1
C-0185,43,7,18479.68,2639.9542857142856,343.76000000000005,3.5714285714285716,1
C-0186,55,7,44788.97,6398.424285714286,638.4328571428571,4.0,0
C-0187,62,3,9871.4,3290.4666666666667,439.5333333333333,4.0,1
C-0188,54,5,6937.29,1387.458,241.542,4.6,1
C-0189,45,5,10559.7,2111.94,75.85999999999999,3.8,1
C-0190,50,8,18578.41,2322.30125,313.69875,3.125,1
C-0191,44,5,13291.07,2658.214,249.786,4.2,1
C-0192,41,6,7006.21,1167.7016666666666,71.96499999999999,3.5,1
C-0193,45,6,70770.12,11795.019999999999,2678.48,3.1666666666666665,0
C-0194,57,11,42103.54,3827.5945454545454,265.9509090909091,3.3636363636363638,1
C-0195,45,5,6799.629999999999,1359.926,108.674,3.6,1
C-0196,38,7,10596.1,1513.7285714285715,134.84285714285716,4.0,1
C-0197,46,9,25044.33,2782.7033333333334,365.18555555555554,4.111111111111111,1
C-0198,57,5,5724.48,1144.896,154.10399999999998,3.0,1
C-0199,19,6,13792.26,2298.71,199.78999999999996,4.166666666666667,1
C-0200,49,3,4977.459999999999,1659.153333333333,222.84666666666666,4.333333333333333,1
C-0201,39,7,67275.99,9610.855714285715,190.28714285714287,4.428571428571429,0
C-0202,53,10,83045.7,8304.57,1502.0300000000002,3.4,0
C-0203,23,5,5859.3,1171.8600000000001,116.34,3.4,1
C-0204,53,3,32096.4,10698.800000000001,2533.2000000000003,2.6666666666666665,0
C-0205,46,13,24905.05,1915.7730769230768,135.15,3.769230769230769,1
C-0206,32,2,662.12,331.06,17.94,3.0,1
C-0207,60,6,4959.57,826.5949999999999,60.071666666666665,4.333333333333333,1
C-0208,53,5,38816.26,7763.252,660.148,2.8,0
C-0209,65,8,24096.08,3012.01,404.615,3.125,1
C-0210,62,7,11624.1,1660.5857142857144,197.84285714285716,2.857142857142857,1
C-0211,34,7,15593.599999999999,2227.657142857143,156.34285714285716,3.2857142857142856,1
C-0212,38,7,9109.01,1301.287142857143,108.42714285714285,3.7142857142857144,1
C-0213,30,10,34680.79,3468.079,139.321,3.9,1
C-0214,64,3,37634.24,12544.746666666666,1545.92,3.6666666666666665,0
C-0215,36,10,15458.05,1545.8049999999998,106.295,4.2,1
C-0216,32,7,7644.0,1092.0,70.57142857142857,2.5714285714285716,1
C-0217,18,8,30551.05,3818.88125,377.11875000000003,2.75,1
C-0218,35,3,4117.68,1372.5600000000002,158.44,2.0,1
C-0219,36,6,4793.72,798.9533333333334,66.54666666666667,3.5,1
C-0220,24,6,12805.91,2134.318333333333,222.84833333333333,3.0,1
C-0221,48,1,1656.0,1656.0,144.0,4.0,1
C-0222,29,4,3796.2799999999997,949.0699999999999,62.93,3.25,1
C-0223,25,8,23485.0,2935.625,459.5,3.25,1
C-0224,22,7,7386.61,1055.23,82.48428571428572,4.285714285714286,1
C-0225,27,10,13105.02,1310.502,177.998,4.2,1
C-0226,33,2,3233.13,1616.565,132.435,3.5,1
C-0227,56,7,26088.45,3726.921428571429,106.64999999999999,4.571428571428571,1
C-0228,51,7,12608.71,1801.2442857142855,126.47,3.7142857142857144,1
C-0229,37,7,7523.5,1074.7857142857142,116.64285714285714,4.285714285714286,1
C-0230,54,3,2763.2200000000003,921.0733333333334,44.26,3.0,1
C-0231,65,4,4731.1,1182.775,77.975,3.5,1
C-0232,34,3,8863.77,2954.59,443.41,4.333333333333333,1
C-0233,33,7,18726.35,2675.192857142857,364.09285714285716,4.285714285714286,1
C-0234,28,7,6794.47,970.6385714285715,35.79,2.5714285714285716,1
C-0235,62,5,13968.45,2793.69,128.91,2.8,1
C-0236,20,7,25274.63,3610.6614285714286,436.6242857142857,3.4285714285714284,1
C-0237,62,4,9067.6,2266.9,344.35,3.0,1
C-0238,34,9,17712.48,1968.0533333333333,188.50222222222223,3.111111111111111,1
C-0239,45,3,1112.23,370.74333333333334,28.25666666666667,2.6666666666666665,1
C-0240,59,7,25089.9,3584.2714285714287,78.44285714285715,4.142857142857143,1
C-0241,22,5,8554.91,1710.982,267.81800000000004,3.0,1
C-0242,56,5,28174.760000000002,5634.952,533.048,3.4,1
C-0243,46,6,15735.03,2622.505,275.8283333333333,3.5,1
C-0244,62,2,4921.5,2460.75,287.25,4.5,1
C-0245,52,2,948.0,474.0,0.0,4.0,1
C-0246,56,2,860.0,430.0,0.0,2.5,1
C-0247,56,7,8785.93,1255.1328571428571,129.15285714285713,3.7142857142857144,1
C-0248,32,10,54580.51,5458.051,448.049,3.9,0
C-0249,19,5,4862.5,972.5,96.29999999999998,4.0,1
C-0250,20,8,13735.57,1716.94625,141.42875,3.0,1
C-0251,59,7,13329.55,1904.2214285714285,258.20714285714286,4.142857142857143,1
C-0252,55,6,9313.0,1552.1666666666667,71.16666666666667,3.8333333333333335,1
C-0253,48,6,13493.69,2248.9483333333333,245.71833333333333,3.5,1
C-0254,38,5,4431.4,886.28,109.92,4.4,1
C-0255,39,4,5843.5,1460.875,87.375,5.0,1
C-0256,60,3,5513.68,1837.8933333333334,126.44,2.3333333333333335,1
C-0257,47,4,2983.88,745.97,89.78,4.25,1
C-0258,38,8,14375.77,1796.97125,198.40375,4.0,1
C-0259,18,5,14329.89,2865.978,272.02200000000005,4.2,1
C-0260,44,10,15868.9,1586.8899999999999,176.81,3.3,1
C-0261,41,6,8649.88,1441.6466666666665,140.35333333333332,3.3333333333333335,1
C-0262,21,7,17566.78,2509.54,310.46,3.7142857142857144,1
C-0263,26,8,18927.98,2365.9975,226.5025,3.875,1
C-0264,25,5,13019.119999999999,2603.8239999999996,383.976,3.6,1
C-0265,63,3,7989.799999999999,2663.2666666666664,199.73333333333335,2.6666666666666665,1
C-0266,18,5,12532.28,2506.456,431.744,3.2,1
C-0267,32,4,2054.2,513.55,56.699999999999996,2.25,1
C-0268,59,4,3090.4399999999996,772.6099999999999,72.39000000000001,2.75,1
C-0269,50,6,12925.470000000001,2154.2450000000003,369.08833333333337,3.0,1
C-0270,48,8,7378.37,922.29625,86.32875,3.5,1
C-0271,53,6,15881.2,2646.866666666667,132.63333333333335,3.0,1
C-0272,56,8,11586.04,1448.255,150.245,3.875,1
C-0273,35,4,5648.879999999999,1412.2199999999998,186.03,3.75,1
C-0274,35,4,9462.0,2365.5,207.25,3.25,1
C-0275,55,8,10922.85,1365.35625,83.01875,4.375,1
C-0276,46,8,16490.37,2061.29625,49.32875,3.875,1
C-0277,39,7,35558.15,5079.7357142857145,1000.5500000000001,3.2857142857142856,0
C-0278,47,4,41562.619999999995,10390.654999999999,1632.845,4.75,0
C-0279,54,5,6946.83,1389.366,148.834,3.8,1
C-0280,20,7,40434.83,5776.404285714286,257.45285714285717,4.142857142857143,0
C-0281,42,6,9447.47,1574.5783333333331,112.92166666666667,3.8333333333333335,1
C-0282,20,6,3559.1400000000003,593.19,59.31,3.8333333333333335,1
C-0283,39,3,2893.36,964.4533333333334,101.21333333333332,3.3333333333333335,1
C-0284,51,6,25487.42,4247.903333333333,700.0966666666667,3.6666666666666665,1
C-0285,44,7,16483.8,2354.828571428571,135.74285714285716,3.5714285714285716,1
C-0286,48,8,21142.37,2642.79625,349.07875,3.875,1
C-0287,62,9,20882.29,2320.2544444444447,416.74555555555554,3.7777777777777777,1
C-0288,61,2,11191.0,5595.5,899.5,3.0,1
C-0289,58,4,8209.71,2052.4275,377.5725,3.25,1
C-0290,20,7,40921.85,5845.978571428571,365.3071428571429,2.5714285714285716,0
C-0291,58,10,19101.12,1910.1119999999999,207.888,3.5,1
C-0292,65,5,13475.4,2695.08,39.92,3.8,1
C-0293,58,15,31172.8,2078.1866666666665,206.9466666666667,3.8666666666666667,1
C-0294,28,7,15856.33,2265.19,247.38142857142856,3.2857142857142856,1
C-0295,20,13,14656.2,1127.4,107.13846153846154,3.3076923076923075,1
C-0296,40,3,4936.2,1645.3999999999999,19.933333333333334,4.0,1
C-0297,33,7,6834.5,976.3571428571429,122.35714285714286,3.2857142857142856,1
C-0298,61,6,13142.369999999999,2190.395,280.43833333333333,3.6666666666666665,1
C-0299,23,9,23603.52,2622.6133333333332,134.16444444444446,3.0,1
C-0300,61,3,9719.45,3239.816666666667,191.1833333333333,3.3333333333333335,1
C-0301,27,4,4077.57,1019.3925,78.6075,4.0,1
C-0302,47,7,52308.21,7472.601428571428,303.6842857142857,3.4285714285714284,0
C-0303,36,3,5457.58,1819.1933333333334,79.47333333333334,4.666666666666667,1
C-0304,22,6,23111.550000000003,3851.9250000000006,304.575,4.166666666666667,1
C-0305,37,14,24072.17,1719.4407142857142,182.91642857142855,4.428571428571429,1
C-0306,47,3,4020.05,1340.0166666666667,8.316666666666666,1.0,1
C-0307,48,7,16626.95,2375.2785714285715,266.00714285714287,4.285714285714286,1
C-0308,54,11,25508.66,2318.969090909091,160.48545454545453,3.8181818181818183,1
C-0309,62,5,5582.32,1116.464,31.936,3.2,1
C-0310,35,2,3604.4799999999996,1802.2399999999998,245.76,3.0,1
C-0311,56,5,11052.81,2210.562,207.238,4.4,1
C-0312,32,11,20301.579999999998,1845.5981818181817,60.94727272727273,4.2727272727272725,1
C-0313,58,10,13793.34,1379.334,138.86599999999999,3.3,1
C-0314,61,3,4550.15,1516.7166666666665,64.95,2.0,1
C-0315,58,3,14324.35,4774.783333333334,289.8833333333333,5.0,1
C-0316,46,8,11139.97,1392.49625,62.12875,3.5,1
C-0317,64,7,16216.35,2316.6214285714286,377.95,3.4285714285714284,1
C-0318,38,5,13058.66,2611.732,307.06800000000004,3.8,1
C-0319,30,13,78834.34999999999,6064.180769230768,643.9730769230769,3.923076923076923,0
C-0320,51,5,11553.49,2310.698,257.702,2.4,1
C-0321,34,5,42775.98,8555.196,1247.6039999999998,3.4,0
C-0322,25,4,5621.6,1405.4,239.85000000000002,4.0,1
C-0323,32,7,6187.57,883.9385714285714,68.63285714285715,4.428571428571429,1
C-0324,41,5,4212.17,842.434,101.966,3.8,1
C-0325,34,4,4016.72,1004.18,144.57,3.75,1
C-0326,41,3,14439.52,4813.173333333333,850.16,4.0,1
C-0327,42,8,10040.63,1255.07875,71.92125,2.25,1
C-0328,61,11,22845.96,2076.9054545454546,272.18545454545455,3.909090909090909,1
C-0329,57,5,7704.41,1540.882,77.91799999999999,2.6,1
C-0330,32,5,10889.35,2177.87,520.73,4.2,1
C-0331,62,6,24933.56,4155.593333333333,434.4066666666667,3.0,1
C-0332,26,10,12194.74,1219.474,109.226,3.5,1
C-0333,49,8,10405.02,1300.6275,129.2475,3.5,1
C-0334,52,5,18897.010000000002,3779.4020000000005,558.998,2.4,1
C-0335,41,5,8768.3,1753.6599999999999,124.94000000000001,4.0,1
C-0336,55,4,11789.83,2947.4575,463.29249999999996,3.0,1
C-0337,59,5,5325.7,1065.1399999999999,144.26,3.0,1
C-0338,44,7,8318.68,1188.3828571428571,149.1885714285714,4.428571428571429,1
C-0339,31,11,18616.81,1692.4372727272728,133.47181818181818,3.727272727272727,1
C-0340,41,5,9245.54,1849.1080000000002,109.09200000000001,3.2,1
C-0341,59,4,2891.48,722.87,125.63,5.0,1
C-0342,35,9,78129.74,8681.082222222223,1209.3622222222223,3.4444444444444446,0
C-0343,23,9,13118.92,1457.6577777777777,168.56444444444443,4.555555555555555,1
C-0344,19,5,4216.33,843.266,116.93400000000001,3.8,1
C-0345,26,4,5905.549999999999,1476.3874999999998,193.6125,3.0,1
C-0346,53,11,15059.94,1369.0854545454547,192.46,4.0,1
C-0347,32,6,54495.75,9082.625,1507.375,2.6666666666666665,0
C-0348,18,6,4712.96,785.4933333333333,109.50666666666666,3.3333333333333335,1
C-0349,52,11,14990.59,1362.780909090909,72.31,2.8181818181818183,1
C-0350,60,4,20522.84,5130.71,867.79,3.25,0
C-0351,40,4,4795.3,1198.825,99.92500000000001,4.5,1
C-0352,19,4,15340.91,3835.2275,412.5225,3.0,1
C-0353,26,9,16834.0,1870.4444444444443,0.0,4.222222222222222,1
C-0354,25,3,6414.75,2138.25,144.08333333333334,4.0,1
C-0355,46,10,22131.55,2213.1549999999997,225.24499999999998,2.8,1
C-0356,24,6,19049.37,3174.895,598.2716666666666,2.6666666666666665,1
C-0357,57,6,19415.8,3235.9666666666667,179.20000000000002,3.8333333333333335,1
C-0358,47,5,14661.04,2932.208,391.192,1.8,1
C-0359,48,6,24718.449999999997,4119.741666666666,479.0916666666667,2.6666666666666665,1
C-0360,49,7,22589.05,3227.0071428571428,593.85,4.428571428571429,1
C-0361,23,3,4531.25,1510.4166666666667,88.25,4.666666666666667,1
C-0362,22,5,9061.74,1812.348,166.052,3.0,1
C-0363,58,3,6132.7,2044.2333333333333,253.76666666666665,4.666666666666667,1
C-0364,42,5,18787.25,3757.45,470.15,3.8,1
C-0365,47,4,11753.67,2938.4175,259.5825,3.0,1
C-0366,24,10,70949.20999999999,7094.920999999999,790.379,3.1,0
C-0367,64,4,5980.23,1495.0575,166.1925,3.0,1
C-0368,32,7,18168.1,2595.442857142857,202.70000000000002,2.5714285714285716,1
C-0369,43,3,2350.05,783.35,34.31666666666667,4.333333333333333,1
C-0370,45,13,48014.96,3693.4584615384615,561.8492307692308,3.4615384615384617,0
C-0371,27,8,18415.1,2301.8875,290.48749999999995,2.5,1
C-0372,23,3,58085.1,19361.7,19.966666666666665,4.666666666666667,0
C-0373,24,5,23906.199999999997,4781.24,736.56,3.4,1
C-0374,53,5,6299.57,1259.914,187.886,3.8,1
C-0375,53,5,4084.56,816.912,71.888,3.0,1
C-0376,40,5,3809.4300000000003,761.8860000000001,76.914,3.2,1
C-0377,36,2,1594.28,797.14,101.86,4.0,1
C-0378,24,8,33511.12,4188.89,248.61,3.75,1
C-0379,27,5,13228.24,2645.648,32.352,3.4,1
C-0380,24,3,7080.36,2360.12,287.88,2.6666666666666665,1
C-0381,25,8,37802.9,4725.3625,1044.7625,3.625,0
C-0382,45,4,18929.2,4732.3,554.7,3.25,1
C-0383,61,8,33574.13,4196.76625,541.60875,3.25,1
C-0384,56,8,10291.869999999999,1286.4837499999999,124.89125,3.625,1
C-0385,29,9,61116.92,6790.768888888889,851.8977777777777,3.3333333333333335,0
C-0386,40,2,2633.08,1316.54,31.96,4.5,1
C-0387,54,3,6662.76,2220.92,243.74666666666667,3.6666666666666665,1
C-0388,27,5,7765.5,1553.1,90.7,4.4,1
C-0389,65,8,16621.67,2077.70875,139.91625,2.75,1
C-0390,44,5,11166.49,2233.298,234.702,3.0,1
C-0391,41,4,5543.6900000000005,1385.9225000000001,162.5775,4.25,1
C-0392,56,8,53393.509999999995,6674.188749999999,155.06125,3.875,0
C-0393,28,4,7196.8,1799.2,192.3,3.5,1
C-0394,35,6,6980.9,1163.4833333333333,234.6833333333333,2.3333333333333335,1
C-0395,56,7,11975.86,1710.837142857143,209.16285714285715,3.4285714285714284,1
C-0396,31,5,18351.64,3670.328,222.67199999999997,3.2,1
C-0397,45,8,24107.29,3013.41125,366.21375,3.625,1
C-0398,49,3,2614.25,871.4166666666666,70.91666666666667,3.3333333333333335,1
C-0399,32,3,3688.0,1229.3333333333333,45.0,2.3333333333333335,1
C-0400,18,2,3033.1,1516.55,74.95,4.0,1
C-0401,26,5,4620.64,924.128,63.872,3.8,1
C-0402,25,2,1887.5,943.75,179.75,5.0,1
C-0403,29,3,7403.1,2467.7000000000003,29.96666666666667,3.3333333333333335,1
C-0404,63,5,3983.75,796.75,81.25,3.4,1
C-0405,60,8,11715.65,1464.45625,171.79375,3.75,1
C-0406,65,3,4594.7,1531.5666666666666,149.76666666666665,3.3333333333333335,1
C-0407,47,7,55591.35,7941.621428571429,53.521428571428565,3.4285714285714284,0
C-0408,45,1,13196.0,13196.0,3299.0,5.0,0
C-0409,36,4,12800.78,3200.195,347.805,2.75,1
C-0410,38,7,9987.25,1426.75,118.10714285714286,4.0,1
C-0411,62,8,9447.74,1180.9675,36.4075,4.25,1
C-0412,24,5,23114.010000000002,4622.802000000001,680.3979999999999,3.8,1
C-0413,43,8,14017.52,1752.19,271.31,3.375,1
C-0414,37,5,6159.68,1231.9360000000001,126.86399999999999,4.2,1
C-0415,39,7,11780.36,1682.9085714285716,158.0914285714286,3.142857142857143,1
C-0416,58,4,7356.34,1839.085,209.915,3.0,1
C-0417,30,6,6115.41,1019.235,54.598333333333336,3.3333333333333335,1
C-0418,33,5,10511.08,2102.216,74.98400000000001,2.4,1
C-0419,30,9,13317.69,1479.7433333333333,133.59,2.888888888888889,1
C-0420,59,3,12857.2,4285.733333333334,644.6,3.3333333333333335,1
C-0421,47,9,17913.19,1990.3544444444442,247.20111111111112,3.0,1
C-0422,61,4,22356.19,5589.0475,783.4525,3.0,0
C-0423,58,4,10566.25,2641.5625,93.6875,2.75,1
C-0424,22,10,30467.44,3046.7439999999997,346.556,4.4,1
C-0425,35,5,11400.380000000001,2280.076,98.924,3.0,1
C-0426,50,3,1110.7,370.23333333333335,37.43333333333333,3.6666666666666665,1
C-0427,46,4,5090.77,1272.6925,71.8075,2.75,1
C-0428,36,3,4096.65,1365.55,249.78333333333333,4.333333333333333,1
C-0429,56,9,10266.11,1140.6788888888889,98.32111111111111,3.4444444444444446,1
C-0430,55,6,11092.759999999998,1848.793333333333,191.87333333333333,4.0,1
C-0431,54,7,18444.99,2634.9985714285717,385.2871428571429,4.142857142857143,1
C-0432,56,3,15368.85,5122.95,841.3833333333333,3.3333333333333335,1
C-0433,21,5,13846.77,2769.3540000000003,579.046,1.8,1
C-0434,63,7,9948.08,1421.1542857142856,148.8457142857143,3.142857142857143,1
C-0435,20,6,12672.63,2112.105,48.895,3.3333333333333335,1
C-0436,51,8,15366.82,1920.8525,105.77250000000001,2.875,1
C-0437,41,10,23658.489999999998,2365.8489999999997,167.851,3.7,1
C-0438,44,9,21839.9,2426.6555555555556,269.1222222222222,3.888888888888889,1
C-0439,58,9,13288.779999999999,1476.531111111111,139.35777777777778,3.111111111111111,1
C-0440,39,4,9661.3,2415.325,363.425,2.5,1
C-0441,36,3,14144.55,4714.849999999999,516.4833333333333,4.0,1
C-0442,39,9,10286.3,1142.9222222222222,49.077777777777776,3.888888888888889,1
C-0443,40,6,5953.43,992.2383333333333,47.76166666666666,3.6666666666666665,1
C-0444,56,8,11946.8,1493.35,98.65,3.875,1
C-0445,53,6,14178.54,2363.09,152.07666666666665,3.1666666666666665,1
C-0446,60,4,4835.35,1208.8375,89.9125,3.25,1
C-0447,59,5,8989.43,1797.886,60.914,4.0,1
C-0448,41,11,53000.28,4818.2072727272725,123.61090909090909,3.1818181818181817,0
C-0449,29,3,911.97,303.99,23.343333333333334,5.0,1
C-0450,30,3,2695.1,898.3666666666667,33.300000000000004,4.333333333333333,1
C-0451,22,11,9898.82,899.8927272727273,171.74363636363637,3.727272727272727,1
C-0452,52,4,5425.66,1356.415,104.835,4.0,1
C-0453,60,5,6291.42,1258.284,189.71599999999998,4.0,1
C-0454,56,9,26105.420000000002,2900.6022222222223,519.62,3.6666666666666665,1
C-0455,29,5,5559.8,1111.96,77.44000000000001,3.4,1
C-0457,41,6,5695.110000000001,949.1850000000001,90.64833333333333,4.666666666666667,1
C-0458,57,6,9341.7,1556.95,308.05,3.5,1
C-0459,52,8,14706.3,1838.2875,166.5875,3.125,1
C-0460,30,5,7617.54,1523.508,205.092,3.8,1
C-0461,47,4,28715.9,7178.975,506.025,3.5,0
C-0462,51,7,13863.949999999999,1980.5642857142855,374.72142857142853,3.7142857142857144,1
C-0463,56,9,11659.53,1295.5033333333333,125.60777777777778,3.4444444444444446,1
C-0464,59,5,14722.94,2944.588,187.81199999999998,3.8,1
C-0465,24,5,6032.3099999999995,1206.462,72.138,4.0,1
C-0466,36,8,61054.12,7631.765,458.61,2.875,0
C-0467,46,7,8946.45,1278.064285714286,120.64999999999999,3.7142857142857144,1
C-0468,23,8,18428.67,2303.58375,257.41625,4.0,1
C-0469,19,6,20922.5,3487.0833333333335,343.9166666666667,3.8333333333333335,1
C-0470,50,2,658.3499999999999,329.17499999999995,69.825,2.0,1
C-0471,23,6,9924.619999999999,1654.1033333333332,219.06333333333336,4.0,1
C-0472,38,6,41559.280000000006,6926.546666666668,579.9533333333333,4.166666666666667,0
C-0473,26,9,14684.3,1631.5888888888887,77.63333333333333,4.0,1
C-0474,62,6,8807.72,1467.9533333333331,160.88,3.3333333333333335,1
C-0475,57,5,27914.8,5582.96,400.04,3.2,1
C-0476,34,4,10693.0,2673.25,238.0,4.25,1
C-0477,64,2,54376.23,27188.115,1434.885,2.5,0
C-0478,25,7,14437.880000000001,2062.554285714286,271.87428571428575,3.5714285714285716,1
C-0479,25,9,25704.85,2856.0944444444444,386.2388888888889,3.888888888888889,1
C-0480,58,4,7022.48,1755.62,117.38000000000001,4.5,1
C-0481,25,8,7895.04,986.88,133.62,3.5,1
C-0482,19,8,15685.68,1960.71,203.29,3.375,1
C-0483,33,7,11253.95,1607.707142857143,126.29285714285713,3.4285714285714284,1
C-0484,45,3,4717.4,1572.4666666666665,359.8666666666666,4.0,1
C-0485,33,6,8674.65,1445.7749999999999,160.39166666666668,3.8333333333333335,1
C-0486,60,9,12985.38,1442.82,102.62444444444445,3.4444444444444446,1
C-0487,41,6,11007.21,1834.5349999999999,146.63166666666666,4.333333333333333,1
C-0488,50,4,7497.62,1874.405,57.595,3.5,1
C-0489,42,9,93637.33,10404.147777777778,1010.1855555555555,3.6666666666666665,0
C-0490,41,3,5952.349999999999,1984.1166666666666,214.88333333333333,4.666666666666667,1
C-0491,22,7,10116.93,1445.2757142857142,113.43857142857142,3.2857142857142856,1
C-0492,55,7,16533.93,2361.9900000000002,393.2957142857143,3.2857142857142856,1
C-0493,20,4,9744.6,2436.15,385.85,4.75,1
C-0494,59,5,6807.54,1361.508,147.49200000000002,3.6,1
C-0495,58,4,10770.54,2692.635,247.865,3.5,1
C-0496,63,9,9946.57,1105.1744444444444,110.49222222222221,3.888888888888889,1
C-0497,30,5,9453.4,1890.6799999999998,343.12,4.0,1
C-0498,38,10,24277.07,2427.707,160.893,3.7,1
C-0499,52,7,25768.72,3681.2457142857143,67.03999999999999,3.2857142857142856,1
C-0500,59,7,37616.24,5373.748571428571,152.68,4.142857142857143,1
C-0501,21,11,10143.92,922.1745454545454,53.552727272727275,4.0,1
C-0502,25,4,8163.54,2040.885,200.865,4.25,1
C-0503,65,4,10830.73,2707.6825,215.8175,3.25,1
C-0504,29,5,18008.35,3601.6699999999996,541.53,3.6,1
C-0505,51,5,6152.2,1230.44,27.96,3.4,1
C-0506,23,10,16320.01,1632.001,186.599,4.0,1
C-0507,52,2,5733.16,2866.58,31.92,4.5,1
C-0508,23,8,6509.15,813.64375,106.85625,4.125,1
C-0509,46,2,5652.56,2826.28,571.72,4.0,1
C-0510,62,7,9941.39,1420.1985714285713,56.80142857142857,3.5714285714285716,1
C-0511,20,4,4958.5199999999995,1239.6299999999999,158.87,4.0,1
C-0512,45,6,11465.880000000001,1910.9800000000002,349.3533333333333,4.0,1
C-0513,60,8,34301.46,4287.6825,267.4425,2.75,1
C-0514,50,2,1683.1599999999999,841.5799999999999,31.92,3.5,1
C-0515,27,7,9730.93,1390.1328571428571,176.58142857142857,3.4285714285714284,1
C-0516,26,6,7613.5199999999995,1268.9199999999998,96.58,3.8333333333333335,1
C-0517,41,5,9711.8,1942.36,315.84000000000003,2.4,1
C-0518,56,4,5488.92,1372.23,225.77,2.25,1
C-0519,41,4,10559.27,2639.8175,171.6825,2.0,1
C-0520,26,7,7941.65,1134.5214285714285,128.05,3.857142857142857,1
C-0521,38,7,20605.53,2943.6471428571426,272.4957142857143,3.4285714285714284,1
C-0522,25,4,10810.7,2702.675,558.575,3.5,1
C-0523,51,3,5044.65,1681.55,216.44999999999996,3.6666666666666665,1
C-0524,34,1,959.2,959.2,239.8,4.0,1
C-0525,57,6,7651.110000000001,1275.1850000000002,65.315,4.166666666666667,1
C-0526,25,5,9709.019999999999,1941.8039999999996,206.39600000000002,3.2,1
C-0527,29,4,5779.75,1444.9375,296.8125,4.5,1
C-0528,61,7,15146.75,2163.8214285714284,59.75,3.0,1
C-0529,53,5,9858.65,1971.73,86.86999999999999,2.2,1
C-0530,28,5,13639.1,2727.82,309.78000000000003,3.0,1
C-0531,50,7,11945.54,1706.5057142857145,213.20857142857145,3.2857142857142856,1
C-0532,26,9,34497.21,3833.023333333333,296.53222222222223,3.7777777777777777,1
C-0533,41,8,24298.08,3037.26,97.865,3.5,1
C-0534,47,7,17049.25,2435.6071428571427,132.39285714285714,4.571428571428571,1
C-0535,23,8,27570.21,3446.27625,144.22375,3.875,1
C-0536,63,7,17332.06,2476.0085714285715,86.84857142857143,3.4285714285714284,1
C-0537,44,6,7538.32,1256.3866666666665,216.9466666666667,3.1666666666666665,1
C-0538,26,2,2952.35,1476.175,172.32500000000002,4.0,1
C-0539,47,4,7134.349999999999,1783.5874999999999,214.9125,4.5,1
C-0540,26,7,31174.33,4453.475714285714,441.5242857142857,3.7142857142857144,1
C-0541,26,2,1687.3400000000001,843.6700000000001,104.83000000000001,5.0,1
C-0542,25,9,35311.4,3923.488888888889,102.62222222222222,3.111111111111111,1
C-0543,28,5,9633.779999999999,1926.7559999999999,187.044,3.6,1
C-0544,40,4,8062.849999999999,2015.7124999999999,157.28750000000002,2.5,1
C-0545,34,9,16522.4,1835.8222222222223,265.5111111111111,2.7777777777777777,1
C-0546,26,10,40725.850000000006,4072.5850000000005,230.615,4.3,1
C-0547,52,6,10395.39,1732.5649999999998,363.43499999999995,4.0,1
C-0548,55,8,26502.79,3312.84875,248.27625,3.875,1
C-0549,60,6,14224.75,2370.7916666666665,215.375,4.166666666666667,1
C-0550,54,4,60428.520000000004,15107.130000000001,1565.87,3.0,0
C-0551,20,9,38378.27,4264.2522222222215,289.97,3.2222222222222223,1
C-0552,59,5,9496.48,1899.2959999999998,119.50399999999999,2.6,1
C-0553,57,8,77949.65,9743.70625,1907.2937499999998,2.625,0
C-0554,58,5,9421.7,1884.3400000000001,83.86,2.0,1
C-0555,48,5,8629.679999999998,1725.9359999999997,212.86399999999998,3.4,1
C-0556,47,4,7892.21,1973.0525,138.19750000000002,3.5,1
C-0557,46,7,17437.09,2491.0128571428572,299.8442857142857,3.5714285714285716,1
C-0558,31,5,9092.02,1818.404,329.396,3.8,1
C-0559,38,1,359.2,359.2,89.8,1.0,1
C-0560,43,8,7693.9,961.7375,105.8875,3.0,1
C-0561,53,14,20094.05,1435.2892857142856,186.99642857142857,3.5,1
C-0562,47,6,4991.23,831.8716666666666,100.46166666666666,3.1666666666666665,1
C-0563,33,11,20771.5,1888.3181818181818,321.77272727272725,4.363636363636363,1
C-0564,36,8,18683.870000000003,2335.4837500000003,338.14125,3.75,1
C-0565,33,3,2833.2,944.4,104.93333333333334,4.333333333333333,1
C-0566,64,2,3884.0,1942.0,19.5,4.0,1
C-0567,49,7,11632.61,1661.8014285714287,86.62714285714286,3.857142857142857,1
C-0568,37,4,3427.4300000000003,856.8575000000001,104.8925,2.75,1
C-0569,43,7,18798.44,2685.4914285714285,248.7942857142857,3.142857142857143,1
C-0570,31,2,4047.2999999999997,2023.6499999999999,224.85000000000002,3.0,1
C-0571,21,9,13228.91,1469.878888888889,134.34333333333333,3.3333333333333335,1
C-0572,59,9,10291.34,1143.4822222222222,138.51777777777778,4.333333333333333,1
C-0573,52,3,3114.14,1038.0466666666666,192.95333333333335,3.6666666666666665,1
C-0574,26,7,8403.61,1200.5157142857145,50.19857142857143,4.285714285714286,1
C-0575,41,8,42248.54,5281.0675,861.9325,4.5,0
C-0576,54,7,10695.98,1527.9971428571428,218.43142857142857,3.2857142857142856,1
C-0577,53,6,10726.78,1787.7966666666669,127.20333333333333,4.333333333333333,1
C-0578,50,7,6544.42,934.9171428571428,124.79714285714286,4.142857142857143,1
C-0579,57,7,9411.47,1344.4957142857143,278.5042857142857,3.142857142857143,1
C-0580,26,6,11936.55,1989.425,59.074999999999996,3.5,1
C-0581,39,6,8181.27,1363.545,145.12166666666667,4.0,1
C-0582,30,6,14377.6,2396.266666666667,202.4,3.3333333333333335,1
C-0583,50,10,62107.549999999996,6210.754999999999,1320.245,3.6,0
C-0584,26,3,4133.95,1377.9833333333333,170.6833333333333,4.666666666666667,1
C-0585,51,4,10858.98,2714.745,383.255,2.5,1
C-0586,50,4,4164.030000000001,1041.0075000000002,194.9925,4.25,1
C-0587,38,1,2397.0,2397.0,0.0,5.0,1
C-0588,65,6,5477.72,912.9533333333334,98.54666666666667,3.0,1
C-0589,50,7,14133.19,2019.027142857143,165.40142857142857,3.7142857142857144,1
C-0590,63,8,7218.45,902.30625,31.19375,4.0,1
C-0591,19,6,10238.39,1706.3983333333333,134.10166666666666,2.5,1
C-0592,44,4,4703.78,1175.945,148.305,4.5,1
C-0593,56,4,7424.08,1856.02,341.73,4.0,1
C-0594,54,6,22506.96,3751.16,272.34,4.166666666666667,1
C-0595,48,11,11735.22,1066.8381818181817,119.79818181818182,3.3636363636363638,1
C-0596,42,8,11510.17,1438.77125,97.72874999999999,3.625,1
C-0597,54,7,5746.7,820.9571428571428,89.75714285714285,3.7142857142857144,1
C-0598,19,6,18070.92,3011.8199999999997,219.51333333333332,2.1666666666666665,1
C-0599,27,6,11886.95,1981.1583333333335,192.17499999999998,3.0,1
C-0600,50,8,17670.77,2208.84625,345.77875,3.375,1
C-0601,63,5,27394.32,5478.864,1230.136,3.6,0
C-0602,53,8,5279.14,659.8925,69.8575,3.625,1
C-0603,42,2,8597.0,4298.5,0.0,3.5,1
C-0604,52,10,47727.22,4772.722,558.1780000000001,4.1,0
C-0605,61,6,15523.09,2587.181666666667,227.3183333333333,4.333333333333333,1
C-0606,48,5,5559.5,1111.9,86.9,4.2,1
C-0607,53,5,8074.5199999999995,1614.904,163.696,3.6,1
C-0608,36,3,7743.629999999999,2581.2099999999996,182.79,4.333333333333333,1
C-0609,38,8,7584.9400000000005,948.1175000000001,144.0075,3.5,1
C-0610,64,5,7047.87,1409.574,139.426,4.4,1
C-0611,54,2,3728.15,1864.075,134.925,5.0,1
C-0612,43,6,7431.5,1238.5833333333333,84.91666666666667,4.666666666666667,1
C-0613,20,7,10291.279999999999,1470.182857142857,159.38857142857142,3.2857142857142856,1
C-0614,46,8,6033.45,754.18125,44.94375,3.75,1
C-0615,31,5,4576.65,915.3299999999999,173.27,4.6,1
C-0616,53,5,5893.19,1178.638,170.16199999999998,3.4,1
C-0617,24,9,14054.11,1561.5677777777778,147.98777777777778,3.7777777777777777,1
C-0618,33,9,26820.44,2980.0488888888885,119.06222222222222,3.888888888888889,1
C-0619,58,9,17246.1,1916.2333333333331,171.2111111111111,3.4444444444444446,1
C-0620,44,6,78197.33,13032.888333333334,1682.4450000000004,2.8333333333333335,0
C-0621,61,6,14790.66,2465.11,233.05666666666664,3.6666666666666665,1
C-0622,28,10,28370.5,2837.05,106.05,4.4,1
C-0623,59,4,3023.73,755.9325,30.5675,2.5,1
C-0624,36,4,7951.349999999999,1987.8374999999999,186.1625,2.5,1
C-0625,59,9,24692.32,2743.591111111111,354.6311111111111,3.5555555555555554,1
C-0626,65,9,16252.71,1805.8566666666666,297.9211111111111,3.6666666666666665,1
C-0627,44,11,13550.829999999998,1231.8936363636362,180.19727272727272,3.8181818181818183,1
C-0628,49,10,25622.27,2562.227,143.373,3.1,1
C-0629,18,6,5647.98,941.3299999999999,61.33666666666667,2.6666666666666665,1
C-0630,24,2,3766.2,1883.1,7.4,3.0,1
C-0631,59,5,5588.29,1117.658,41.142,2.6,1
C-0632,26,11,30464.8,2769.5272727272727,365.6545454545454,3.1818181818181817,1
C-0633,30,3,4227.530000000001,1409.176666666667,188.82333333333335,3.0,1
C-0634,64,12,26505.12,2208.7599999999998,129.99,3.1666666666666665,1
C-0635,18,5,18789.96,3757.9919999999997,397.408,4.0,1
C-0636,54,6,14534.72,2422.4533333333334,259.38,2.8333333333333335,1
C-0637,57,3,3303.08,1101.0266666666666,47.97333333333333,3.6666666666666665,1
C-0638,50,5,15540.86,3108.172,309.82800000000003,3.8,1
C-0639,60,6,11923.35,1987.2250000000001,323.775,3.3333333333333335,1
C-0640,48,7,8537.81,1219.6871428571428,155.59857142857143,3.5714285714285716,1
C-0641,34,7,8678.85,1239.8357142857144,108.59285714285714,2.857142857142857,1
C-0642,35,11,70484.24,6407.658181818182,349.52363636363634,3.727272727272727,0
C-0643,64,5,4859.3,971.86,35.94,3.2,1
C-0644,59,4,3985.6,996.4,127.35,4.0,1
C-0645,60,5,8893.4,1778.6799999999998,69.91999999999999,3.8,1
C-0646,28,6,3243.7,540.6166666666667,44.88333333333333,2.3333333333333335,1
C-0647,62,4,9241.17,2310.2925,349.9575,3.75,1
C-0648,57,4,4244.2,1061.05,24.950000000000003,2.75,1
C-0649,48,10,76034.9,7603.49,1050.0099999999998,3.1,0
C-0650,41,5,3680.55,736.11,82.89,2.8,1
C-0651,52,6,10301.63,1716.9383333333333,89.895,3.5,1
C-0652,61,7,56127.06,8018.151428571428,1092.277142857143,3.2857142857142856,0
C-0653,46,8,15474.099999999999,1934.2624999999998,145.36249999999998,3.75,1
C-0654,54,8,34259.13,4282.39125,525.35875,2.125,0
C-0655,50,8,8405.91,1050.73875,76.13625,4.125,1
C-0656,27,11,14379.62,1307.2381818181818,126.48909090909092,3.727272727272727,1
C-0657,46,7,12878.99,1839.8557142857142,244.71571428571428,3.5714285714285716,1
C-0658,49,5,2394.0499999999997,478.80999999999995,80.39,3.2,1
C-0659,21,6,11747.9,1957.9833333333333,282.34999999999997,2.8333333333333335,1
C-0660,44,6,10469.45,1744.9083333333335,248.92499999999998,3.6666666666666665,1
C-0661,53,6,8029.65,1338.2749999999999,97.72500000000001,3.5,1
C-0662,43,16,47115.31,2944.706875,462.418125,3.1875,0
C-0663,55,9,26596.289999999997,2955.143333333333,346.0788888888889,2.5555555555555554,1
C-0664,40,2,2334.12,1167.06,131.94,3.0,1
C-0665,21,7,5395.04,770.72,85.70857142857143,3.4285714285714284,1
C-0666,36,6,9222.56,1537.0933333333332,144.57333333333335,3.3333333333333335,1
C-0667,59,5,7376.75,1475.35,33.45,4.2,1
C-0668,42,8,13236.49,1654.56125,72.43875,2.75,1
C-0669,23,4,11945.4,2986.35,187.39999999999998,4.0,1
C-0670,59,8,55340.55,6917.56875,245.80625,4.25,0
C-0671,52,3,1527.32,509.1066666666666,46.56,5.0,1
C-0672,64,4,5356.3,1339.075,78.425,4.0,1
C-0673,37,10,26827.51,2682.7509999999997,197.749,4.1,1
C-0674,52,2,1587.26,793.63,54.370000000000005,5.0,1
C-0675,47,7,6468.62,924.0885714285714,46.05428571428571,4.428571428571429,1
C-0676,30,4,4803.67,1200.9175,147.3325,2.75,1
C-0677,60,7,11722.23,1674.6042857142857,231.10999999999999,4.0,1
C-0678,33,5,15139.23,3027.846,44.95399999999999,3.8,1
C-0679,56,9,8374.630000000001,930.5144444444445,97.70777777777778,3.4444444444444446,1
C-0680,61,4,9713.45,2428.3625,269.8875,1.5,1
C-0681,65,3,41014.35,13671.449999999999,726.5500000000001,5.0,0
C-0682,32,10,24079.18,2407.918,125.282,3.7,1
C-0683,26,7,31951.449999999997,4564.492857142856,441.65000000000003,3.7142857142857144,1
C-0684,64,8,21400.02,2675.0025,205.2475,3.625,1
C-0685,56,9,20636.03,2292.8922222222222,194.21888888888887,4.111111111111111,1
C-0686,37,3,6879.5,2293.1666666666665,22.5,2.6666666666666665,1
C-0687,44,8,23232.37,2904.04625,389.20375,3.0,1
C-0688,53,11,22565.34,2051.3945454545456,395.06,3.3636363636363638,1
C-0689,53,5,2484.42,496.884,41.916000000000004,2.8,1
C-0690,59,9,19585.96,2176.217777777778,318.78222222222223,3.3333333333333335,1
C-0691,38,3,11694.63,3898.2099999999996,332.79,3.6666666666666665,1
C-0692,27,6,15707.51,2617.9183333333335,172.24833333333333,4.666666666666667,1
C-0693,52,9,127433.76999999999,14159.307777777776,1043.9144444444444,2.7777777777777777,0
C-0694,37,4,3683.51,920.8775,83.8725,3.5,1
C-0695,21,4,6445.82,1611.455,87.29499999999999,1.75,1
C-0696,53,8,16198.0,2024.75,179.75,4.0,1
C-0697,33,7,16481.9,2354.557142857143,184.8714285714286,3.0,1
C-0698,59,9,43752.52,4861.391111111111,498.0533333333333,3.6666666666666665,0
C-0699,23,6,14606.17,2434.3616666666667,155.47166666666666,3.6666666666666665,1
C-0700,35,8,19826.37,2478.29625,289.20375,3.375,1
C-0701,20,7,11951.220000000001,1707.317142857143,191.25428571428571,3.5714285714285716,1
C-0702,64,3,6017.21,2005.7366666666667,125.59666666666665,4.0,1
C-0703,48,4,7297.82,1824.455,349.295,2.25,1
C-0704,18,7,5062.95,723.2785714285714,52.43571428571429,3.857142857142857,1
C-0705,65,7,26669.66,3809.9514285714286,188.33428571428573,4.0,1
C-0706,63,10,23551.83,2355.183,271.317,2.4,1
C-0707,53,7,16269.62,2324.2314285714288,56.76857142857143,2.5714285714285716,1
C-0708,47,4,7067.0199999999995,1766.7549999999999,118.99499999999999,4.0,1
C-0709,34,8,39119.659999999996,4889.9574999999995,601.6675,4.375,0
C-0710,47,5,7341.38,1468.276,111.924,3.6,1
C-0711,31,3,5206.3,1735.4333333333334,179.9,2.6666666666666665,1
C-0712,20,4,4627.19,1156.7975,216.4525,4.0,1
C-0713,19,5,10761.67,2152.334,226.06599999999997,4.2,1
C-0714,55,6,4383.049999999999,730.5083333333332,61.15833333333333,3.5,1
C-0715,27,8,6692.15,836.51875,88.48125,3.625,1
C-0716,42,6,4758.73,793.1216666666666,89.045,3.6666666666666665,1
C-0717,53,6,8703.53,1450.5883333333334,51.91166666666667,3.5,1
C-0718,49,8,11222.93,1402.86625,108.00874999999999,3.125,1
C-0719,28,5,5840.63,1168.126,171.874,3.8,1
C-0720,26,5,7164.1,1432.8200000000002,235.78000000000003,1.8,1
C-0721,29,6,23018.57,3836.4283333333333,62.571666666666665,2.8333333333333335,1
C-0722,20,5,7509.65,1501.9299999999998,176.87,3.8,1
C-0723,44,1,599.0,599.0,0.0,4.0,1
C-0724,63,6,4903.15,817.1916666666666,127.30833333333334,3.8333333333333335,1
C-0725,50,8,23566.510000000002,2945.8137500000003,201.81125,4.375,1
C-0726,57,4,3589.77,897.4425,75.0575,2.75,1
C-0727,60,2,4297.0,2148.5,0.0,2.0,1
C-0728,52,5,18378.78,3675.756,102.244,4.2,1
C-0729,19,6,15961.6,2660.266666666667,146.5666666666667,3.5,1
C-0730,36,5,4187.3,837.46,96.14,4.6,1
C-0731,29,5,29351.73,5870.346,667.854,3.4,0
C-0732,27,6,20051.89,3341.9816666666666,468.5183333333334,3.1666666666666665,1
C-0733,51,1,798.4,798.4,199.6,5.0,1
C-0734,43,3,9164.38,3054.793333333333,343.8733333333333,4.0,1
C-0735,47,4,8694.0,2173.5,374.74999999999994,3.5,1
C-0736,37,6,10349.61,1724.9350000000002,197.89833333333334,4.666666666666667,1
C-0737,23,5,8486.939999999999,1697.3879999999997,225.612,2.8,1
C-0738,53,2,1168.3000000000002,584.1500000000001,114.85000000000001,4.0,1
C-0739,62,5,24860.2,4972.04,605.76,2.8,1
C-0740,45,3,4129.4,1376.4666666666665,181.20000000000002,4.333333333333333,1
C-0741,24,4,2701.75,675.4375,148.5625,3.25,1
C-0742,31,6,27870.399999999998,4645.066666666667,395.2666666666667,3.0,1
C-0743,35,4,5980.3,1495.075,283.675,4.5,1
C-0744,52,9,20423.9,2269.3222222222225,178.45555555555555,4.111111111111111,1
C-0745,38,3,1573.08,524.36,50.30666666666667,2.6666666666666665,1
C-0746,27,9,18683.57,2075.952222222222,172.38111111111112,2.888888888888889,1
C-0747,37,8,25085.879999999997,3135.7349999999997,456.765,3.375,1
C-0748,54,5,3275.54,655.108,63.69200000000001,4.4,1
C-0749,42,9,15270.31,1696.701111111111,271.07666666666665,3.3333333333333335,1
C-0750,50,4,4138.969999999999,1034.7424999999998,126.50750000000001,3.75,1
C-0751,24,4,6478.679999999999,1619.6699999999998,203.82999999999998,4.0,1
C-0752,39,5,11919.05,2383.81,193.79000000000002,4.0,1
C-0753,43,8,65102.55,8137.81875,109.93125,3.0,0
C-0754,46,10,28394.35,2839.435,278.265,3.8,1
C-0755,53,4,2684.1400000000003,671.0350000000001,123.715,3.75,1
C-0756,61,4,3550.3999999999996,887.5999999999999,73.65,3.75,1
C-0757,57,8,27538.45,3442.30625,165.81875,3.375,1
C-0758,23,7,65629.39,9375.627142857144,650.8014285714286,2.7142857142857144,0
C-0759,63,4,4001.52,1000.38,59.87,4.75,1
C-0760,38,5,14281.46,2856.292,367.308,3.6,1
C-0761,18,9,13211.07,1467.8966666666665,116.43666666666667,3.6666666666666665,1
C-0762,35,10,14328.070000000002,1432.8070000000002,82.093,3.0,1
C-0763,29,7,31328.01,4475.429999999999,487.2842857142858,2.0,1
C-0764,53,10,17893.64,1789.364,178.436,2.7,1
C-0765,19,6,12605.779999999999,2100.963333333333,164.20333333333335,3.1666666666666665,1
C-0766,23,4,8709.88,2177.47,345.78,3.0,1
C-0767,42,5,23812.72,4762.544,412.65600000000006,3.8,1
C-0768,42,6,20573.55,3428.9249999999997,61.24166666666667,3.8333333333333335,1
C-0769,54,6,8188.8,1364.8,167.20000000000002,4.5,1
C-0770,28,3,5367.25,1789.0833333333333,43.25,4.0,1
C-0771,35,9,36056.700000000004,4006.3000000000006,383.58888888888885,3.3333333333333335,1
C-0772,28,4,7004.450000000001,1751.1125000000002,134.8875,3.25,1
C-0773,37,7,17865.73,2552.247142857143,281.1814285714285,3.2857142857142856,1
C-0774,34,4,3150.88,787.72,73.53,4.25,1
C-0775,57,11,33833.17,3075.7427272727273,149.80272727272725,2.8181818181818183,1
C-0776,26,2,5799.07,2899.535,423.46500000000003,2.5,1
C-0777,39,7,12593.79,1799.1128571428574,113.3157142857143,2.7142857142857144,1
C-0778,46,11,21439.64,1949.0581818181818,247.03272727272724,3.727272727272727,1
C-0779,26,3,2093.75,697.9166666666666,50.75,4.333333333333333,1
C-0780,62,5,42047.36,8409.472,28.728,3.4,0
C-0781,29,6,7087.9,1181.3166666666666,72.01666666666667,2.6666666666666665,1
C-0782,65,3,9943.2,3314.4,351.26666666666665,4.333333333333333,1
C-0783,33,5,15323.68,3064.736,193.064,3.6,1
C-0784,43,4,4971.45,1242.8625,268.8875,4.0,1
C-0785,30,4,39510.12,9877.53,59.22,3.75,0
C-0786,61,4,5254.75,1313.6875,159.8125,3.0,1
C-0787,63,4,13890.1,3472.525,149.725,3.0,1
C-0788,62,5,16896.760000000002,3379.3520000000003,255.648,3.4,1
C-0789,26,9,14731.77,1636.8633333333335,244.69222222222223,3.6666666666666665,1
C-0790,34,7,19933.5,2847.6428571428573,440.5,3.7142857142857144,1
C-0791,42,9,20495.8,2277.311111111111,102.24444444444445,3.7777777777777777,1
C-0792,48,9,18069.19,2007.6877777777777,237.3122222222222,3.6666666666666665,1
C-0793,50,5,18066.4,3613.28,294.71999999999997,3.8,1
C-0794,20,10,29518.95,2951.895,547.005,3.4,1
C-0795,58,4,86527.05,21631.7625,3653.4875,3.75,0
C-0796,60,7,10664.810000000001,1523.544285714286,153.74142857142857,2.2857142857142856,1
C-0797,59,10,26411.22,2641.1220000000003,277.678,3.5,1
C-0798,59,9,57662.33,6406.925555555556,677.5188888888889,3.888888888888889,0
C-0799,45,7,16445.920000000002,2349.417142857143,188.44,4.0,1
C-0800,34,3,2986.3999999999996,995.4666666666666,103.2,2.6666666666666665,1
C-0801,53,4,6485.6,1621.4,294.85,3.25,1
C-0802,46,7,22300.89,3185.8414285714284,226.87285714285716,3.5714285714285716,1
C-0803,61,6,21581.54,3596.9233333333336,475.74333333333334,4.0,1
C-0804,40,8,7107.76,888.47,73.905,4.25,1
C-0805,36,1,16495.0,16495.0,0.0,1.0,0
C-0806,64,8,18992.52,2374.065,77.685,3.0,1
C-0807,39,7,11856.43,1693.7757142857142,79.93857142857142,3.142857142857143,1
C-0808,48,4,10239.3,2559.825,168.675,3.75,1
C-0809,46,2,9477.2,4738.6,459.9,3.0,1
C-0810,22,9,28778.02,3197.557777777778,311.6644444444444,3.0,1
C-0811,19,10,56000.9,5600.09,428.31000000000006,3.1,0
C-0812,65,7,22178.58,3168.3685714285716,23.060000000000002,3.4285714285714284,1
C-0813,53,4,3082.15,770.5375,97.7125,3.5,1
C-0814,45,6,4391.7300000000005,731.955,74.87833333333333,3.0,1
C-0815,58,6,5421.35,903.5583333333334,49.10833333333333,4.666666666666667,1
C-0816,43,7,11774.08,1682.0114285714285,170.27428571428572,3.2857142857142856,1
C-0817,46,11,31183.4,2834.8545454545456,380.7818181818182,3.1818181818181817,1
C-0818,18,7,10538.220000000001,1505.4600000000003,239.68285714285713,3.0,1
C-0819,35,7,10557.880000000001,1508.2685714285715,162.01714285714283,3.7142857142857144,1
C-0820,24,7,21769.2,3109.8857142857146,524.1142857142856,4.0,1
C-0821,38,7,17983.96,2569.137142857143,172.43428571428572,3.857142857142857,1
C-0822,34,8,27925.84,3490.73,120.64500000000001,3.125,1
C-0823,58,11,58987.6,5362.50909090909,355.76363636363635,3.4545454545454546,0
C-0824,57,5,12837.849999999999,2567.5699999999997,440.8299999999999,3.8,1
C-0825,40,7,14634.7,2090.671428571429,26.185714285714287,4.0,1
C-0826,29,8,50853.950000000004,6356.743750000001,101.13125000000001,3.5,0
C-0827,55,4,7705.45,1926.3625,159.1375,2.5,1
C-0828,25,7,9599.07,1371.2957142857142,138.41857142857143,3.4285714285714284,1
C-0829,29,9,55962.22,6218.024444444444,685.0866666666666,3.4444444444444446,0
C-0830,42,9,39606.19,4400.687777777778,230.75666666666666,3.7777777777777777,1
C-0831,54,10,70264.98,7026.498,1680.402,2.9,0
C-0832,49,5,12910.82,2582.1639999999998,196.23600000000002,4.6,1
C-0833,53,4,6706.43,1676.6075,147.1425,3.25,1
C-0834,26,3,3280.5,1093.5,96.16666666666667,4.333333333333333,1
C-0835,57,6,9116.77,1519.4616666666668,262.8716666666666,3.0,1
C-0836,49,6,3492.54,582.09,42.910000000000004,4.166666666666667,1
C-0837,53,6,4477.05,746.1750000000001,127.99166666666667,3.5,1
C-0838,61,6,7908.45,1318.075,155.75833333333333,3.6666666666666665,1
C-0839,49,7,4677.74,668.2485714285714,51.60857142857143,3.857142857142857,1
C-0840,19,7,5197.37,742.4814285714285,34.94714285714286,3.2857142857142856,1
C-0841,35,3,7131.25,2377.0833333333335,121.58333333333333,1.3333333333333333,1
C-0842,28,1,3228.3,3228.3,569.7,5.0,1
C-0843,53,1,4398.0,4398.0,0.0,5.0,1
C-0844,25,4,16337.34,4084.335,62.915000000000006,4.5,1
C-0845,52,6,22988.09,3831.3483333333334,391.8183333333333,2.6666666666666665,1
C-0846,31,4,17803.72,4450.93,706.32,4.25,1
C-0847,37,7,22118.16,3159.7371428571428,306.2628571428572,4.142857142857143,1
C-0848,40,5,6570.46,1314.092,173.308,4.0,1
C-0849,33,2,6022.28,3011.14,587.86,3.0,1
C-0850,63,3,5426.45,1808.8166666666666,89.85000000000001,2.6666666666666665,1
C-0851,57,10,17486.74,1748.6740000000002,184.626,3.7,1
C-0852,21,7,78770.28,11252.897142857142,556.5314285714286,3.142857142857143,0
C-0853,35,8,16310.75,2038.84375,140.90625,3.125,1
C-0854,38,5,15111.58,3022.316,75.884,4.4,1
C-0855,54,9,22241.0,2471.222222222222,255.44444444444446,2.888888888888889,1
C-0856,26,5,8474.43,1694.886,72.91400000000002,3.4,1
C-0857,59,6,31442.3,5240.383333333333,24.95,3.3333333333333335,1
C-0858,27,2,1551.42,775.71,122.78999999999999,5.0,1
C-0859,61,6,9167.9,1527.9833333333333,228.51666666666668,3.3333333333333335,1
C-0860,54,10,15581.97,1558.197,117.803,3.5,1
C-0861,42,7,10114.98,1444.9971428571428,146.28857142857143,3.142857142857143,1
C-0862,43,10,37549.8,3754.9800000000005,417.91999999999996,3.4,1
C-0863,47,8,34683.41,4335.42625,124.19874999999999,3.0,1
C-0864,18,8,22633.489999999998,2829.1862499999997,293.93874999999997,3.25,1
C-0865,58,3,4942.92,1647.64,233.02666666666664,4.333333333333333,1
C-0866,52,7,27483.4,3926.2000000000003,215.65714285714287,2.7142857142857144,1
C-0867,31,4,9054.25,2263.5625,122.4375,3.5,1
C-0868,36,6,10479.64,1746.6066666666666,235.7266666666667,4.0,1
C-0869,26,4,19789.15,4947.2875,126.21249999999999,2.75,1
C-0870,61,6,12382.52,2063.7533333333336,317.74666666666667,4.333333333333333,1
C-0871,58,7,10935.65,1562.2357142857143,158.19285714285712,3.4285714285714284,1
C-0872,28,5,9875.85,1975.17,142.82999999999998,3.2,1
C-0873,45,2,1325.6999999999998,662.8499999999999,61.15,2.5,1
C-0874,28,8,16636.65,2079.58125,274.79375,4.125,1
C-0875,34,4,27388.67,6847.1675,993.0825,3.25,0
C-0876,21,6,9705.199999999999,1617.533333333333,155.63333333333333,4.0,1
C-0877,45,3,8843.0,2947.6666666666665,0.0,3.6666666666666665,1
C-0878,18,5,5423.32,1084.664,74.536,3.6,1
C-0879,26,6,10591.34,1765.2233333333334,187.61,4.666666666666667,1
C-0880,61,9,33989.94,3776.6600000000003,325.4511111111111,3.888888888888889,1
C-0881,62,7,11745.189999999999,1677.8842857142856,105.97285714285715,3.4285714285714284,1
C-0882,62,8,20228.760000000002,2528.5950000000003,22.03,2.875,1
C-0883,32,6,2866.2,477.7,38.3,4.333333333333333,1
C-0884,24,6,23434.850000000002,3905.808333333334,551.525,2.8333333333333335,1
C-0885,26,5,9133.0,1826.6,311.8,3.2,1
C-0886,22,8,23743.6,2967.95,92.42500000000001,3.75,1
C-0887,57,9,18985.43,2109.492222222222,147.39666666666665,4.222222222222222,1
C-0888,40,5,19464.15,3892.8300000000004,154.77,4.4,1
C-0889,44,7,43475.98,6210.854285714287,401.86000000000007,3.4285714285714284,0
C-0890,23,11,23793.07,2163.0063636363634,359.0845454545455,3.8181818181818183,1
C-0891,55,7,13100.14,1871.4485714285713,265.2657142857143,4.0,1
C-0892,45,5,12646.78,2529.356,188.844,3.2,1
C-0893,35,9,21437.84,2381.9822222222224,100.24,3.5555555555555554,1
C-0894,53,8,28078.03,3509.75375,244.87125,3.25,1
C-0895,36,12,104969.81999999999,8747.484999999999,196.765,3.5,0
C-0896,31,7,8356.87,1193.8385714285716,126.30428571428571,3.142857142857143,1
C-0897,30,5,11834.68,2366.936,191.26399999999998,3.6,1
C-0898,59,12,30930.489999999998,2577.540833333333,250.12583333333336,2.5833333333333335,1
C-0899,42,7,30826.3,4403.757142857143,273.3857142857143,3.857142857142857,1
C-0900,58,7,17284.88,2469.2685714285717,178.73142857142858,4.0,1
C-0901,18,4,8508.76,2127.19,247.81,3.5,1
C-0902,42,4,6367.41,1591.8525,157.1475,3.5,1
C-0903,52,12,16374.08,1364.5066666666667,173.74333333333334,3.6666666666666665,1
C-0904,22,10,21776.38,2177.638,110.56200000000001,3.5,1
C-0905,18,9,22023.14,2447.0155555555557,351.87333333333333,3.4444444444444446,1
C-0906,21,4,4924.77,1231.1925,130.5575,2.5,1
C-0907,58,7,12420.72,1774.3885714285714,123.89714285714285,4.0,1
C-0908,45,4,4497.5199999999995,1124.3799999999999,98.87,3.75,1
C-0909,58,3,3075.0,1025.0,156.33333333333334,4.666666666666667,1
C-0910,27,7,17930.35,2561.4785714285713,322.6642857142857,3.5714285714285716,1
C-0911,23,1,170.2,170.2,14.8,3.0,1
C-0912,52,7,30755.3,4393.614285714286,168.81428571428572,3.0,1
C-0913,58,5,52788.1,10557.619999999999,1790.78,3.8,0
C-0914,62,13,21851.89,1680.9146153846154,170.62384615384616,3.6923076923076925,1
C-0915,33,2,8908.15,4454.075,344.925,1.5,1
C-0916,47,6,17917.58,2986.263333333334,144.90333333333334,3.1666666666666665,1
C-0917,37,9,29655.05,3295.0055555555555,247.32777777777775,4.555555555555555,1
C-0918,18,5,8555.15,1711.03,141.77,4.2,1
C-0919,28,4,8473.78,2118.445,179.805,2.5,1
C-0920,51,4,3079.6800000000003,769.9200000000001,91.08,4.5,1
C-0921,41,6,13277.210000000001,2212.8683333333333,312.63166666666666,3.3333333333333335,1
C-0922,19,4,22501.29,5625.3225,222.6775,4.0,1
C-0923,51,7,16133.81,2304.83,143.74142857142857,4.428571428571429,1
C-0924,58,6,20351.52,3391.92,348.08,2.3333333333333335,1
C-0925,50,2,8336.53,4168.265,704.735,5.0,1
C-0926,54,9,68344.59,7593.843333333333,585.2677777777778,3.5555555555555554,0
C-0927,34,5,18541.8,3708.3599999999997,348.24,2.8,1
C-0928,32,4,5114.3,1278.575,69.925,4.25,1
C-0929,20,7,74002.5,10571.785714285714,1369.0714285714287,3.5714285714285716,0
C-0930,48,10,63503.53,6350.353,243.84700000000004,3.6,0
C-0931,29,5,9920.43,1984.086,144.914,4.8,1
C-0932,32,4,1921.05,480.2625,20.4875,4.0,1
C-0933,64,3,2373.25,791.0833333333334,91.58333333333333,3.3333333333333335,1
C-0934,54,12,21302.71,1775.2258333333332,154.52416666666667,3.0833333333333335,1
C-0935,61,6,5575.25,929.2083333333334,73.625,2.5,1
C-0936,51,5,12819.62,2563.924,234.67600000000002,2.8,1
C-0937,47,3,10673.529999999999,3557.843333333333,349.49,2.6666666666666665,1
C-0938,23,5,5538.8,1107.76,79.84,3.6,1
C-0939,41,6,19242.829999999998,3207.138333333333,182.36166666666668,3.3333333333333335,1
C-0940,37,6,31676.89,5279.481666666667,266.5183333333333,3.8333333333333335,1
C-0941,47,6,17670.78,2945.1299999999997,286.87,3.8333333333333335,1
C-0942,30,8,13412.050000000001,1676.5062500000001,134.61875,4.0,1
C-0943,27,6,6955.09,1159.1816666666666,51.818333333333335,4.166666666666667,1
C-0944,32,5,6163.5,1232.7,95.9,4.8,1
C-0945,39,7,10084.2,1440.6000000000001,136.4,3.2857142857142856,1
C-0946,24,2,7096.2,3548.1,249.9,4.0,1
C-0947,44,8,18056.15,2257.01875,385.23125000000005,2.5,1
C-0948,63,4,8454.58,2113.645,159.35500000000002,4.25,1
C-0949,32,6,10606.73,1767.7883333333332,136.37833333333333,4.0,1
C-0950,47,3,9036.32,3012.1066666666666,186.56000000000003,3.0,1
C-0951,24,7,12502.630000000001,1786.0900000000001,76.62428571428572,3.4285714285714284,1
C-0952,22,5,6183.18,1236.636,32.763999999999996,4.4,1
C-0953,45,4,10724.78,2681.195,416.805,3.75,1
C-0954,36,6,29564.73,4927.455,536.7116666666667,4.0,1
C-0955,62,3,32604.7,10868.233333333334,2647.1,4.333333333333333,0
C-0956,46,7,26315.55,3759.3642857142854,511.0642857142857,4.142857142857143,1
C-0957,30,3,76533.59999999999,25511.199999999997,2753.133333333333,3.3333333333333335,0
C-0958,27,9,15864.32,1762.7022222222222,179.85333333333335,2.888888888888889,1
C-0959,47,8,47317.079999999994,5914.634999999999,786.615,3.75,0
C-0960,52,2,9815.4,4907.7,439.8,2.5,1
C-0961,37,1,1498.0,1498.0,0.0,4.0,1
C-0962,23,5,21007.210000000003,4201.442000000001,332.758,3.4,1
C-0963,20,7,8833.279999999999,1261.8971428571426,168.96,4.0,1
C-0964,23,7,27042.16,3863.1657142857143,470.9771428571429,3.7142857142857144,1
C-0965,43,6,11673.16,1945.5266666666666,298.3066666666667,3.6666666666666665,1
C-0966,34,4,13927.6,3481.9,435.1,3.0,1
C-0967,46,3,6003.860000000001,2001.2866666666669,363.0466666666666,3.3333333333333335,1
C-0968,24,5,8060.43,1612.086,126.71400000000001,3.6,1
C-0969,25,2,1503.24,751.62,71.88,5.0,1
C-0970,26,5,12397.05,2479.41,428.7900000000001,3.2,1
C-0971,61,4,4040.38,1010.095,101.405,2.5,1
C-0972,55,5,16906.4,3381.28,111.32000000000001,3.6,1
C-0973,22,4,8534.2,2133.55,71.45,3.5,1
C-0974,23,4,20495.25,5123.8125,412.1875,3.5,1
C-0976,45,4,20773.35,5193.3375,204.9125,3.5,1
C-0977,19,7,13039.9,1862.8428571428572,164.15714285714284,3.0,1
C-0978,40,6,16701.42,2783.5699999999997,98.26333333333334,4.0,1
C-0979,35,6,6538.0599999999995,1089.6766666666665,142.15666666666667,4.166666666666667,1
C-0980,57,4,8610.14,2152.535,332.715,3.0,1
C-0981,59,10,74347.71,7434.771000000001,747.629,4.4,0
C-0982,53,7,14853.119999999999,2121.8742857142856,208.69714285714286,4.0,1
C-0983,35,5,24122.309999999998,4824.4619999999995,663.938,2.8,1
C-0984,30,3,2204.4,734.8000000000001,63.199999999999996,3.6666666666666665,1
C-0985,58,2,4009.39,2004.695,193.305,3.5,1
C-0986,63,6,3849.54,641.59,49.076666666666675,3.1666666666666665,1
C-0987,49,5,14816.14,2963.228,359.772,3.6,1
C-0988,38,7,26810.25,3830.035714285714,615.3928571428571,3.5714285714285716,1
C-0989,19,6,8953.91,1492.3183333333334,168.84833333333333,3.8333333333333335,1
C-0990,19,2,17432.6,8716.3,1979.2,1.0,0
C-0991,51,7,16918.42,2416.9171428571426,210.3685714285714,2.2857142857142856,1
C-0992,28,12,17116.43,1426.3691666666666,116.96416666666666,4.25,1
C-0993,35,9,17206.57,1911.841111111111,142.04777777777778,3.3333333333333335,1
C-0994,54,4,39195.33,9798.8325,349.4175,3.75,0
C-0995,29,6,8744.26,1457.3766666666668,199.29,3.8333333333333335,1
C-0996,65,5,4878.34,975.668,73.132,3.4,1
C-0997,19,7,7103.4,1014.7714285714285,48.228571428571435,3.2857142857142856,1
C-0998,54,5,4491.780000000001,898.3560000000001,30.444,2.4,1
C-0999,49,5,6074.5599999999995,1214.9119999999998,113.888,4.4,1
C-1000,49,8,19899.08,2487.385,186.115,3.125,1
C-1001,32,5,7509.139999999999,1501.828,313.772,3.4,1
C-1002,51,10,17940.91,1794.091,198.209,3.5,1
C-1003,57,5,8184.5,1636.9,141.9,3.0,1
C-1004,63,6,14123.31,2353.8849999999998,90.11500000000001,3.5,1
C-1005,19,7,17640.28,2520.04,260.6742857142857,4.142857142857143,1
C-1006,25,8,8809.02,1101.1275,109.8725,4.375,1
C-1007,41,3,6001.9,2000.6333333333332,229.70000000000002,4.0,1
C-1008,24,7,16910.6,2415.7999999999997,111.91428571428573,3.0,1
C-1009,26,7,16370.05,2338.578571428571,216.56428571428572,3.5714285714285716,1
C-1010,59,8,13616.98,1702.1225,149.6275,2.875,1
C-1011,62,8,23400.35,2925.04375,387.45625,3.375,1
C-1012,60,7,14203.359999999999,2029.0514285714285,197.51999999999998,3.2857142857142856,1
C-1013,37,4,35898.1,8974.525,1585.975,2.5,0
C-1014,29,6,8389.83,1398.305,150.195,3.1666666666666665,1
C-1015,43,7,59098.74,8442.677142857143,727.0371428571428,3.5714285714285716,0
C-1016,56,3,11111.1,3703.7000000000003,136.96666666666667,4.333333333333333,1
C-1017,58,5,21652.85,4330.57,805.63,4.2,1
C-1018,27,7,27236.31,3890.901428571429,414.52714285714285,2.5714285714285716,1
C-1019,40,8,8353.17,1044.14625,85.97875,3.5,1
C-1020,63,7,13029.279999999999,1861.3257142857142,208.10285714285715,4.285714285714286,1
C-1021,18,2,1152.08,576.04,35.96,4.5,1
C-1022,62,3,4963.3,1654.4333333333334,43.23333333333333,3.6666666666666665,1
C-1023,24,10,14496.88,1449.6879999999999,148.61200000000002,3.1,1
C-1024,42,9,71159.63,7906.625555555556,530.8188888888889,3.3333333333333335,0
C-1025,44,10,36787.71,3678.7709999999997,409.32900000000006,4.0,1
C-1026,52,11,35669.36,3242.6690909090908,391.6036363636364,4.545454545454546,1
C-1027,54,4,8885.3,2221.325,177.425,2.5,1
C-1028,46,9,12398.17,1377.5744444444445,46.20333333333333,2.888888888888889,1
C-1029,19,7,23494.37,3356.3385714285714,255.8042857142857,3.4285714285714284,1
C-1030,22,6,15176.0,2529.3333333333335,248.33333333333334,3.1666666666666665,1
C-1031,28,4,4208.4,1052.1,45.900000000000006,4.5,1
C-1032,23,4,7878.25,1969.5625,129.4375,4.0,1
C-1033,48,8,12420.77,1552.59625,170.65375,3.125,1
C-1034,59,6,12063.73,2010.6216666666667,187.87833333333333,4.333333333333333,1
C-1035,28,8,20452.62,2556.5775,148.29749999999999,4.125,1
C-1036,31,7,5058.41,722.63,81.51285714285714,3.7142857142857144,1
C-1037,64,3,8222.4,2740.7999999999997,223.86666666666665,4.333333333333333,1
C-1038,60,8,44254.270000000004,5531.7837500000005,328.34125,3.5,0
C-1039,24,5,7479.34,1495.868,82.93199999999999,3.0,1
C-1040,53,3,1672.0,557.3333333333334,0.0,3.0,1
C-1041,41,8,17697.11,2212.13875,267.86125,4.125,1
C-1042,36,7,8012.67,1144.6671428571428,111.47571428571428,3.857142857142857,1
C-1043,30,5,16193.75,3238.75,259.25,4.2,1
C-1044,28,3,5057.389999999999,1685.7966666666664,179.53666666666666,3.6666666666666665,1
C-1045,48,4,7946.879999999999,1986.7199999999998,336.78,3.25,1
C-1046,48,12,10583.99,881.9991666666666,108.33416666666666,3.5833333333333335,1
C-1047,59,9,20326.36,2258.4844444444443,170.51555555555555,3.7777777777777777,1
C-1048,41,11,69353.87,6304.897272727272,1052.1027272727274,4.090909090909091,0
C-1049,46,3,4612.23,1537.4099999999999,161.59,3.6666666666666665,1
C-1050,47,7,91495.9,13070.842857142856,2969.7285714285713,3.7142857142857144,0
C-1051,54,4,8133.84,2033.46,314.79,4.5,1
C-1052,23,10,49801.45,4980.1449999999995,787.955,3.8,0
C-1053,44,6,23622.36,3937.06,136.60666666666668,3.6666666666666665,1
C-1054,21,9,32453.4,3605.9333333333334,477.9555555555556,3.7777777777777777,1
C-1055,52,6,40724.51,6787.418333333334,1194.2483333333332,4.333333333333333,0
C-1056,33,3,2361.25,787.0833333333334,44.916666666666664,3.0,1
C-1057,43,6,14292.72,2382.12,304.0466666666667,2.8333333333333335,1
C-1058,54,6,49518.799999999996,8253.133333333333,887.1999999999999,2.8333333333333335,0
C-1059,27,5,6465.84,1293.1680000000001,185.43200000000002,3.2,1
C-1060,28,4,6376.48,1594.12,226.38,4.0,1
C-1061,20,8,5897.43,737.17875,39.82125,3.125,1
C-1062,30,6,29122.78,4853.796666666666,361.37000000000006,4.333333333333333,1
C-1063,34,4,7456.299999999999,1864.0749999999998,259.925,2.5,1
C-1064,42,9,8540.39,948.9322222222222,147.1788888888889,3.5555555555555554,1
C-1065,38,8,14884.119999999999,1860.5149999999999,231.61,3.625,1
C-1066,18,8,30084.870000000003,3760.6087500000003,183.64124999999999,3.5,1
C-1067,51,10,11451.7,1145.17,163.43,3.5,1
C-1068,27,3,22197.480000000003,7399.160000000001,899.84,4.0,0
C-1069,55,3,9811.25,3270.4166666666665,261.5833333333333,2.0,1
C-1070,24,7,14902.490000000002,2128.9271428571433,40.93,2.5714285714285716,1
C-1071,44,3,5514.5599999999995,1838.1866666666665,226.48,3.3333333333333335,1
C-1072,54,3,3726.2999999999997,1242.1,123.23333333333335,4.0,1
C-1073,29,8,14161.15,1770.14375,190.73125000000002,3.875,1
C-1074,57,5,11842.3,2368.46,269.93999999999994,4.0,1
C-1075,43,8,15292.759999999998,1911.5949999999998,267.78,4.125,1
C-1076,65,10,27833.88,2783.388,295.012,3.5,1
C-1077,19,5,4746.77,949.354,99.446,3.4,1
C-1078,35,8,12467.55,1558.44375,64.93125,3.625,1
C-1079,26,4,102127.51999999999,25531.879999999997,1914.8700000000001,4.0,0
C-1080,35,9,12971.16,1441.24,107.20444444444443,3.111111111111111,1
C-1081,59,4,4414.66,1103.665,119.835,4.75,1
C-1082,31,6,10890.2,1815.0333333333335,49.63333333333333,2.5,1
C-1083,41,6,13482.86,2247.1433333333334,117.85666666666667,2.5,1
C-1084,22,4,8033.4,2008.35,314.9,4.75,1
C-1085,26,7,53829.29,7689.898571428572,629.3871428571429,3.5714285714285716,0
C-1086,29,7,14224.27,2032.0385714285715,284.2471428571429,3.142857142857143,1
C-1087,33,6,15396.76,2566.1266666666666,190.20666666666668,3.3333333333333335,1
C-1088,41,5,21426.48,4285.296,272.704,2.4,1
C-1089,41,4,8635.2,2158.8,164.95,4.25,1
C-1090,58,7,7547.42,1078.202857142857,130.51142857142855,3.5714285714285716,1
C-1091,41,6,24887.36,4147.893333333333,512.9399999999999,4.166666666666667,1
C-1092,29,1,479.2,479.2,119.8,4.0,1
C-1093,40,3,2195.6,731.8666666666667,99.8,4.666666666666667,1
C-1094,65,3,2246.5,748.8333333333334,99.83333333333333,2.6666666666666665,1
C-1095,19,8,13226.76,1653.345,120.53,3.375,1
C-1096,54,7,12371.03,1767.2900000000002,217.1385714285714,4.571428571428571,1
C-1097,61,10,29520.21,2952.0209999999997,321.079,3.7,1
C-1098,50,5,10677.619999999999,2135.524,338.076,3.6,1
C-1099,26,9,31030.659999999996,3447.8511111111106,366.59333333333336,4.222222222222222,1
C-1100,18,5,15519.710000000001,3103.942,494.658,4.2,1
C-1101,37,3,4687.25,1562.4166666666667,169.91666666666666,4.666666666666667,1
C-1102,42,4,13046.81,3261.7025,386.29749999999996,3.75,1
C-1103,31,5,10870.52,2174.1040000000003,184.696,4.6,1
C-1104,57,6,12407.769999999999,2067.9616666666666,172.03833333333333,3.6666666666666665,1
C-1105,18,5,9182.18,1836.4360000000001,87.364,4.6,1
C-1106,59,7,31394.350000000002,4484.907142857143,70.66428571428573,3.2857142857142856,1
C-1107,37,5,14558.0,2911.6,119.8,3.6,1
C-1108,22,10,13986.13,1398.6129999999998,68.987,3.6,1
C-1109,35,7,19740.36,2820.0514285714285,464.0914285714285,3.2857142857142856,1
C-1110,27,4,15911.939999999999,3977.9849999999997,394.265,3.0,1
C-1111,56,8,19609.190000000002,2451.1487500000003,200.47625,3.875,1
C-1112,64,8,62550.9,7818.8625,495.0125,3.375,0
C-1113,34,6,8485.82,1414.3033333333333,83.86333333333333,2.8333333333333335,1
C-1114,65,5,10937.49,2187.498,191.302,2.8,1
C-1115,30,5,5827.17,1165.434,93.966,3.4,1
C-1116,58,7,11993.75,1713.392857142857,284.75,3.5714285714285716,1
C-1117,37,5,14423.95,2884.79,287.81,4.4,1
C-1118,36,8,11253.32,1406.665,74.33500000000001,3.375,1
C-1119,65,3,17668.27,5889.423333333333,1059.91,3.0,0
C-1120,61,7,17039.44,2434.2057142857143,284.6514285714286,3.5714285714285716,1
C-1121,40,6,20209.88,3368.3133333333335,313.52,3.5,1
C-1122,39,3,4595.3,1531.7666666666667,99.89999999999999,5.0,1
C-1123,36,3,3276.5999999999995,1092.1999999999998,173.13333333333335,4.0,1
C-1124,21,6,14408.8,2401.4666666666667,246.86666666666665,3.5,1
C-1125,57,8,5866.61,733.32625,40.92375,3.0,1
C-1126,50,7,58392.5,8341.785714285714,1013.5,3.142857142857143,0
C-1127,37,6,10658.56,1776.4266666666665,155.40666666666667,3.5,1
C-1128,26,4,5810.02,1452.505,145.245,3.5,1
C-1129,54,8,16149.83,2018.72875,213.52125,2.75,1
C-1130,63,6,8472.3,1412.05,161.28333333333333,3.8333333333333335,1
C-1131,39,5,7120.88,1424.176,93.824,3.6,1
C-1132,58,9,13664.27,1518.2522222222224,85.85888888888888,3.5555555555555554,1
C-1133,35,6,6198.4,1033.0666666666666,102.10000000000001,3.6666666666666665,1
C-1134,28,4,3419.46,854.865,102.88499999999999,3.5,1
C-1135,57,3,2512.7799999999997,837.5933333333332,127.07333333333332,3.3333333333333335,1
C-1136,45,5,10710.0,2142.0,150.6,3.4,1
C-1137,20,7,19817.22,2831.031428571429,173.96857142857144,3.0,1
C-1138,18,8,13051.64,1631.455,329.045,3.875,1
C-1139,19,7,14224.61,2032.087142857143,144.77,3.857142857142857,1
C-1140,32,4,10378.48,2594.62,304.38,2.5,1
C-1141,26,7,12900.96,1842.9942857142855,169.86285714285714,2.4285714285714284,1
C-1142,55,7,14411.1,2058.7285714285713,49.7,3.7142857142857144,1
C-1143,20,4,37058.32,9264.58,1183.92,4.0,0
C-1144,64,6,20116.480000000003,3352.7466666666674,395.42,3.8333333333333335,1
C-1145,39,6,15600.04,2600.0066666666667,189.82666666666668,3.6666666666666665,1
C-1146,49,5,5833.22,1166.644,47.756,2.8,1
C-1147,43,4,2249.5299999999997,562.3824999999999,93.1175,4.25,1
C-1148,64,5,5979.52,1195.904,35.896,2.4,1
C-1149,55,5,11844.57,2368.9139999999998,324.486,3.4,1
C-1150,41,7,36569.15,5224.164285714286,630.5500000000001,3.4285714285714284,0
C-1151,58,6,8749.08,1458.18,286.32,2.6666666666666665,1
C-1152,21,5,21704.46,4340.892,242.50799999999998,3.8,1
C-1153,59,13,19535.32,1502.716923076923,214.28307692307695,3.6153846153846154,1
C-1154,44,10,18694.219999999998,1869.4219999999998,174.178,3.4,1
C-1155,53,6,10589.73,1764.955,133.37833333333333,2.6666666666666665,1
C-1156,31,7,26640.739999999998,3805.8199999999997,228.18,2.4285714285714284,1
C-1157,44,7,8431.0,1204.4285714285713,151.28571428571428,3.5714285714285716,1
C-1158,35,8,21773.36,2721.67,182.08,3.25,1
C-1159,44,4,1880.3200000000002,470.08000000000004,28.669999999999998,4.0,1
C-1160,25,4,11083.74,2770.935,264.315,3.25,1
C-1161,49,8,17169.05,2146.13125,204.61875,3.75,1
C-1162,34,3,1513.15,504.3833333333334,34.949999999999996,3.6666666666666665,1
C-1163,63,3,7337.5,2445.8333333333335,419.8333333333333,3.0,1
C-1164,20,5,3689.3199999999997,737.8639999999999,35.336,4.0,1
C-1165,62,5,6975.93,1395.1860000000001,240.61400000000003,4.0,1
C-1166,18,2,4978.2,2489.1,459.9,4.0,1
C-1167,54,2,5152.4,2576.2,119.8,4.5,1
C-1168,23,8,9142.52,1142.815,172.935,3.875,1
C-1169,34,6,26876.999999999996,4479.499999999999,376.8333333333333,3.6666666666666665,1
C-1170,36,5,6711.2699999999995,1342.254,41.946,3.0,1
C-1171,24,6,19005.95,3167.6583333333333,179.84166666666667,3.1666666666666665,1
C-1172,41,2,691.75,345.875,21.125,4.5,1
C-1173,65,7,26604.14,3800.5914285714284,415.2657142857143,4.0,1
C-1174,18,7,11671.03,1667.2900000000002,181.13857142857142,4.571428571428571,1
C-1175,40,9,75271.06999999999,8363.452222222222,1369.6588888888887,3.111111111111111,0
C-1176,64,6,17278.2,2879.7000000000003,209.79999999999998,3.6666666666666665,1
C-1177,29,9,20206.559999999998,2245.173333333333,214.38222222222223,3.5555555555555554,1
C-1178,47,7,32337.29,4619.612857142857,685.3871428571429,3.857142857142857,0
C-1179,44,2,2416.05,1208.025,39.975,2.5,1
C-1180,26,5,10967.060000000001,2193.4120000000003,384.588,3.2,1
C-1181,24,6,23324.64,3887.44,423.06,3.6666666666666665,1
C-1182,54,7,18530.14,2647.162857142857,365.69428571428574,4.142857142857143,1
C-1183,57,9,26958.489999999998,2995.3877777777775,100.05666666666667,3.888888888888889,1
C-1184,19,6,27501.93,4583.655,506.345,3.6666666666666665,1
C-1185,49,4,27755.27,6938.8175,221.6825,4.75,1
C-1186,20,9,55458.72,6162.08,403.3644444444445,3.5555555555555554,0
C-1187,18,6,9423.04,1570.506666666667,147.82666666666668,2.8333333333333335,1
C-1188,64,5,5158.77,1031.7540000000001,57.04600000000001,3.6,1
C-1189,51,4,4502.85,1125.7125,160.53750000000002,3.75,1
C-1190,45,9,34028.95,3780.994444444444,414.2277777777778,4.111111111111111,1
C-1191,40,10,17524.86,1752.486,165.714,4.0,1
C-1192,53,8,7459.67,932.45875,70.04125,3.375,1
C-1193,59,6,21777.9,3629.65,434.8500000000001,4.0,1
C-1194,49,4,12099.74,3024.935,448.315,3.75,1
C-1195,38,5,41196.95,8239.39,49.41,3.8,0
C-1196,21,8,16246.85,2030.85625,79.89375,3.125,1
C-1197,59,5,4680.26,936.052,22.748,3.0,1
C-1198,23,7,32443.309999999998,4634.7585714285715,784.0985714285714,3.7142857142857144,0
C-1199,46,6,22750.990000000005,3791.8316666666674,339.66833333333335,4.166666666666667,1
C-1200,38,5,3438.67,687.734,76.066,4.2,1
C-1201,24,3,6347.57,2115.8566666666666,215.80999999999997,3.0,1
C-1202,53,10,27247.29,2724.7290000000003,388.17100000000005,3.4,1
C-1203,56,4,2260.75,565.1875,96.0625,2.75,1
C-1204,53,8,22624.95,2828.11875,472.88125,3.25,1
C-1205,41,5,14412.599999999999,2882.5199999999995,245.48000000000002,3.8,1
C-1206,39,5,9430.85,1886.17,229.63000000000002,3.6,1
C-1207,48,8,13753.400000000001,1719.1750000000002,235.32500000000002,3.5,1
C-1208,25,3,5829.15,1943.05,354.6166666666666,2.0,1
C-1209,39,7,23909.88,3415.697142857143,72.16,3.0,1
C-1210,51,9,12332.24,1370.2488888888888,175.7511111111111,2.7777777777777777,1
C-1211,28,4,3669.77,917.4425,94.0575,2.75,1
C-1212,24,11,14102.9,1282.081818181818,89.73636363636363,2.727272727272727,1
C-1213,30,4,2485.48,621.37,77.38,3.25,1
C-1214,47,6,44529.8,7421.633333333334,784.8666666666667,2.8333333333333335,0
C-1215,44,10,14324.119999999999,1432.4119999999998,95.988,2.9,1
C-1216,46,9,35362.85,3929.2055555555553,235.35000000000002,3.4444444444444446,1
C-1217,26,3,5486.3,1828.7666666666667,219.9,3.3333333333333335,1
C-1218,65,10,26433.11,2643.311,143.689,4.1,1
C-1219,55,4,25223.199999999997,6305.799999999999,573.95,2.5,0
C-1220,62,7,12219.050000000001,1745.5785714285716,209.85000000000005,3.857142857142857,1
C-1221,24,4,4986.57,1246.6425,164.60750000000002,3.25,1
C-1222,38,9,14862.41,1651.378888888889,261.1766666666667,3.3333333333333335,1
C-1223,56,8,26344.16,3293.02,592.98,3.875,1
C-1224,43,4,8655.08,2163.77,9.98,2.5,1
C-1225,26,5,6424.85,1284.97,210.63000000000002,3.6,1
C-1226,62,8,26039.6,3254.95,393.675,3.625,1
C-1227,62,7,12157.73,1736.8185714285714,90.32428571428571,3.2857142857142856,1
C-1228,58,6,6666.55,1111.0916666666667,114.40833333333335,4.166666666666667,1
C-1229,57,4,5435.24,1358.81,83.69,4.5,1
C-1230,61,8,68509.54000000001,8563.692500000001,984.0575,3.375,0
C-1231,52,3,1795.3200000000002,598.44,83.89333333333333,3.3333333333333335,1
C-1232,40,2,3757.55,1878.775,419.725,3.0,1
C-1233,54,6,63657.130000000005,10609.521666666667,105.31166666666667,4.0,0
C-1234,36,6,6451.889999999999,1075.3149999999998,119.01833333333333,4.0,1
C-1235,24,5,4395.469999999999,879.0939999999998,48.906000000000006,3.0,1
C-1236,21,7,8270.65,1181.5214285714285,106.62142857142858,4.0,1
C-1237,35,6,5712.68,952.1133333333333,71.72,3.0,1
C-1238,27,9,18422.37,2046.9299999999998,175.8477777777778,3.4444444444444446,1
C-1239,52,7,4697.4,671.0571428571428,116.94285714285715,4.428571428571429,1
C-1240,24,6,13278.16,2213.0266666666666,18.64,3.6666666666666665,1
C-1241,65,7,22860.4,3265.7714285714287,317.5142857142857,3.5714285714285716,1
C-1242,33,7,10994.68,1570.6685714285716,274.4742857142857,2.857142857142857,1
C-1243,42,6,7614.55,1269.0916666666667,79.075,3.8333333333333335,1
C-1244,53,6,11953.880000000001,1992.3133333333335,189.85333333333335,3.0,1
C-1245,30,6,8383.880000000001,1397.3133333333335,142.85333333333332,2.6666666666666665,1
C-1246,58,6,8253.03,1375.505,230.82833333333335,2.6666666666666665,1
C-1247,52,7,18707.64,2672.52,222.48,4.142857142857143,1
C-1248,64,10,66390.17,6639.017,109.68299999999999,3.6,0
C-1249,29,5,18165.899999999998,3633.1799999999994,299.82,3.0,1
C-1250,29,3,4160.21,1386.7366666666667,78.26333333333334,2.6666666666666665,1
C-1251,42,5,7143.28,1428.656,79.94399999999999,4.2,1
C-1252,53,12,28212.71,2351.0591666666664,192.94083333333333,3.25,1
C-1253,55,8,16616.21,2077.02625,180.59875,4.125,1
C-1254,47,4,16467.95,4116.9875,731.0125,3.25,1
C-1255,27,5,7650.67,1530.134,108.066,3.2,1
C-1256,58,5,18125.44,3625.0879999999997,143.112,3.8,1
C-1257,54,9,26421.71,2935.7455555555553,201.92111111111112,3.7777777777777777,1
C-1258,63,3,6936.3099999999995,2312.103333333333,119.23000000000002,3.6666666666666665,1
C-1259,29,3,6793.2,2264.4,51.26666666666667,3.6666666666666665,1
C-1260,28,10,12895.81,1289.581,144.019,3.9,1
C-1261,43,4,6564.44,1641.11,320.39,2.75,1
C-1262,31,7,33520.95,4788.707142857143,230.57857142857142,3.4285714285714284,1
C-1263,41,8,19691.52,2461.44,324.31,3.625,1
C-1264,51,3,5846.32,1948.7733333333333,115.89333333333333,4.333333333333333,1
C-1265,25,8,14897.08,1862.135,160.865,4.25,1
C-1266,33,7,9704.220000000001,1386.317142857143,109.96857142857142,3.2857142857142856,1
C-1267,33,9,13137.73,1459.7477777777776,105.80777777777777,4.333333333333333,1
C-1268,25,5,12707.6,2541.52,246.87999999999997,3.0,1
C-1269,64,7,15748.98,2249.8542857142857,440.85999999999996,3.0,1
C-1270,41,7,15882.82,2268.9742857142855,235.59714285714284,3.0,1
C-1271,49,3,4005.34,1335.1133333333335,96.55333333333334,3.0,1
C-1272,38,5,12895.9,2579.18,313.41999999999996,3.2,1
C-1273,28,6,24339.079999999998,4056.513333333333,600.1533333333333,4.0,1
C-1274,58,7,12338.4,1762.6285714285714,199.79999999999998,4.0,1
C-1275,61,5,7414.62,1482.924,315.276,4.8,1
C-1276,52,7,45203.69,6457.67,289.75857142857143,4.142857142857143,0
C-1277,65,5,15012.539999999999,3002.508,115.89200000000001,4.0,1
C-1278,47,4,6625.450000000001,1656.3625000000002,217.38750000000002,3.0,1
C-1279,23,5,6204.05,1240.81,22.990000000000002,3.2,1
C-1280,34,8,12503.49,1562.93625,152.68875,2.875,1
C-1281,32,7,45131.25,6447.321428571428,840.3928571428571,4.0,0
C-1282,46,7,7156.83,1022.4042857142857,66.73857142857142,3.0,1
C-1283,38,9,39192.1,4354.677777777778,543.6555555555556,4.0,0
C-1284,52,4,5147.9,1286.975,230.775,3.5,1
C-1285,65,9,20601.0,2289.0,98.22222222222223,3.888888888888889,1
C-1286,40,9,27958.32,3106.48,224.29777777777778,3.7777777777777777,1
C-1287,61,4,3811.25,952.8125,71.1875,4.0,1
C-1288,36,2,2029.79,1014.895,108.60499999999999,2.0,1
C-1289,60,3,2254.15,751.3833333333333,156.61666666666667,4.0,1
C-1290,52,3,6704.4,2234.7999999999997,196.53333333333333,4.0,1
C-1291,52,5,20878.44,4175.688,260.312,3.2,1
C-1292,61,9,24000.0,2666.6666666666665,184.66666666666666,3.5555555555555554,1
C-1293,53,2,5248.4,2624.2,599.8,4.5,1
C-1294,20,4,8702.18,2175.545,72.455,4.0,1
C-1295,43,6,12801.79,2133.6316666666667,231.86833333333334,4.333333333333333,1
C-1296,37,5,22273.93,4454.786,763.6139999999999,4.4,1
C-1297,44,7,19546.48,2792.3542857142857,141.93142857142857,3.2857142857142856,1
C-1298,28,6,11317.4,1886.2333333333333,200.1,2.8333333333333335,1
C-1299,34,11,17742.83,1612.9845454545457,221.6518181818182,3.8181818181818183,1
C-1300,60,8,96643.95,12080.49375,230.13125000000002,3.875,0
C-1301,47,1,1198.0,1198.0,0.0,4.0,1
C-1302,36,5,9469.029999999999,1893.8059999999998,324.794,2.4,1
C-1303,24,4,13296.75,3324.1875,298.5625,3.5,1
C-1304,39,7,14226.119999999999,2032.302857142857,208.9828571428571,3.7142857142857144,1
C-1305,24,7,9449.8,1349.9714285714285,72.88571428571429,4.0,1
C-1306,30,4,25339.510000000002,6334.8775000000005,188.3725,3.5,1
C-1307,39,10,34580.16,3458.0160000000005,205.38400000000001,3.3,1
C-1308,27,7,18384.72,2626.3885714285716,43.61142857142857,3.5714285714285716,1
C-1309,38,4,36158.280000000006,9039.570000000002,771.9300000000001,4.0,0
C-1310,38,10,34993.98,3499.398,259.002,2.3,1
C-1311,35,7,9477.74,1353.962857142857,240.75142857142856,3.857142857142857,1
C-1312,48,10,28044.07,2804.407,277.09299999999996,4.4,1
C-1313,37,11,34325.96,3120.541818181818,164.45818181818183,3.909090909090909,1
C-1314,29,4,7065.38,1766.345,81.405,4.0,1
C-1315,35,7,30832.77,4404.681428571429,596.7471428571429,4.142857142857143,1
C-1316,34,10,29729.390000000003,2972.9390000000003,245.86100000000002,4.2,1
C-1317,19,5,34752.66,6950.532000000001,1167.868,2.8,0
C-1318,55,7,15258.31,2179.7585714285715,282.67,3.7142857142857144,1
C-1319,20,2,2471.88,1235.94,211.56,3.0,1
C-1320,52,7,9216.09,1316.5842857142857,117.27285714285715,3.0,1
C-1321,43,3,3366.41,1122.1366666666665,183.86333333333334,4.0,1
C-1322,26,6,20956.64,3492.773333333333,255.89333333333335,3.6666666666666665,1
C-1323,23,9,10478.67,1164.2966666666666,117.25888888888888,3.111111111111111,1
C-1324,18,10,12907.390000000001,1290.739,210.36100000000002,3.1,1
C-1325,61,8,22358.519999999997,2794.8149999999996,350.81,3.125,1
C-1326,46,4,5291.03,1322.7575,125.7425,2.5,1
C-1327,54,6,4604.34,767.39,30.94333333333334,3.8333333333333335,1
C-1328,40,7,8113.16,1159.0228571428572,143.6914285714286,3.857142857142857,1
C-1329,32,5,16619.43,3323.886,534.514,2.8,1
C-1330,32,5,10467.24,2093.448,194.952,3.2,1
C-1331,41,4,2569.4,642.35,86.65,4.5,1
C-1332,20,5,19408.63,3881.726,216.27399999999997,3.6,1
C-1333,63,6,13750.070000000002,2291.6783333333337,245.82166666666663,3.8333333333333335,1
C-1334,55,6,7943.33,1323.8883333333333,140.445,3.6666666666666665,1
C-1335,42,5,15755.08,3151.016,336.784,3.0,1
C-1336,55,5,19858.649999999998,3971.7299999999996,506.87,4.0,1
C-1337,34,12,20907.559999999998,1742.2966666666664,181.20333333333335,4.416666666666667,1
C-1338,43,7,8004.0599999999995,1143.4371428571428,169.27714285714288,2.857142857142857,1
C-1339,48,5,9880.73,1976.146,59.653999999999996,2.8,1
C-1340,26,3,1434.22,478.0733333333333,44.593333333333334,4.333333333333333,1
C-1341,22,7,12063.85,1723.4071428571428,12.87857142857143,4.0,1
C-1342,27,5,6399.43,1279.886,158.514,3.2,1
C-1343,56,9,18855.36,2095.04,164.18222222222224,3.888888888888889,1
C-1344,44,4,6657.57,1664.3925,203.1075,3.5,1
C-1345,61,5,4466.77,893.354,120.446,4.2,1
C-1346,55,8,19665.86,2458.2325,215.1425,3.875,1
C-1347,33,7,56568.08,8081.154285714286,687.8457142857143,3.7142857142857144,0
C-1349,20,6,12248.68,2041.4466666666667,115.38666666666667,2.6666666666666665,1
C-1350,28,4,17430.739999999998,4357.6849999999995,79.815,3.0,1
C-1351,43,6,10499.3,1749.8833333333332,73.95,4.166666666666667,1
C-1352,64,8,20559.420000000002,2569.9275000000002,262.0725,3.75,1
C-1353,31,7,6209.530000000001,887.0757142857144,104.35285714285715,3.7142857142857144,1
C-1354,48,3,12452.18,4150.7266666666665,179.93999999999997,4.333333333333333,1
C-1355,56,3,5341.57,1780.5233333333333,184.14333333333332,3.0,1
C-1356,57,4,26625.899999999998,6656.474999999999,834.025,3.25,0
C-1357,28,9,13910.45,1545.6055555555556,61.28333333333334,3.4444444444444446,1
C-1358,56,6,18254.09,3042.3483333333334,244.15166666666664,3.3333333333333335,1
C-1359,42,9,19095.42,2121.713333333333,101.06444444444443,3.7777777777777777,1
C-1360,19,7,10907.95,1558.2785714285715,147.57857142857142,3.0,1
C-1361,61,8,10124.94,1265.6175,193.8825,3.875,1
C-1362,24,4,4329.92,1082.48,172.26999999999998,4.75,1
C-1363,56,3,2457.08,819.0266666666666,13.306666666666667,4.333333333333333,1
C-1364,25,4,7036.87,1759.2175,239.0325,5.0,1
C-1365,56,9,31387.82,3487.5355555555557,471.4644444444445,2.888888888888889,1
C-1366,51,6,4729.62,788.27,102.39666666666666,4.333333333333333,1
C-1367,62,5,8673.5,1734.7,48.3,3.4,1
C-1368,48,6,11404.48,1900.7466666666667,156.58666666666667,4.166666666666667,1
C-1369,65,13,28520.1,2193.853846153846,260.9153846153846,3.923076923076923,1
C-1370,45,10,13335.220000000001,1333.5220000000002,110.078,3.5,1
C-1371,32,5,4896.68,979.336,104.66399999999999,3.0,1
C-1372,52,7,15883.86,2269.1228571428574,218.87714285714287,3.857142857142857,1
C-1373,18,3,2622.82,874.2733333333334,175.06000000000003,4.0,1
C-1374,51,2,2196.0,1098.0,26.0,3.5,1
C-1375,42,9,49639.35,5515.483333333334,524.5166666666668,3.888888888888889,0
C-1376,44,6,8686.8,1447.8,124.7,3.0,1
C-1377,45,1,3702.15,3702.15,194.85,4.0,1
C-1378,34,11,29414.629999999997,2674.0572727272724,146.85181818181817,3.6363636363636362,1
C-1379,41,9,15766.06,1751.7844444444445,107.21555555555555,3.5555555555555554,1
C-1380,31,6,7855.8099999999995,1309.3016666666665,101.865,3.0,1
C-1381,48,3,6600.16,2200.0533333333333,98.61333333333333,4.0,1
C-1382,53,10,17990.55,1799.0549999999998,167.34499999999997,3.5,1
C-1383,54,9,22010.510000000002,2445.6122222222225,149.94333333333333,3.111111111111111,1
C-1384,60,6,6722.81,1120.4683333333335,119.53166666666668,3.8333333333333335,1
C-1385,62,8,43580.009999999995,5447.501249999999,762.99875,4.625,0
C-1386,50,3,5267.45,1755.8166666666666,74.85000000000001,3.0,1
C-1387,57,2,1141.44,570.72,102.78,3.5,1
C-1388,42,6,8855.4,1475.8999999999999,151.9333333333333,4.166666666666667,1
C-1389,27,6,14592.56,2432.0933333333332,299.9066666666667,3.6666666666666665,1
C-1390,23,4,3292.62,823.155,82.095,4.25,1
C-1391,41,6,11676.869999999999,1946.1449999999998,290.0216666666667,4.166666666666667,1
C-1392,64,12,18453.7,1537.8083333333334,140.35833333333332,2.9166666666666665,1
C-1393,59,3,2616.2,872.0666666666666,26.599999999999998,3.6666666666666665,1
C-1394,21,7,65549.70999999999,9364.244285714285,98.04142857142857,4.0,0
C-1395,18,5,7227.57,1445.514,152.88600000000002,3.4,1
C-1396,30,4,41383.36,10345.84,827.4100000000001,4.0,0
C-1397,51,4,9583.97,2395.9925,352.2575,4.5,1
C-1398,28,6,9604.52,1600.7533333333333,114.58,3.6666666666666665,1
C-1399,33,9,15096.800000000001,1677.4222222222224,250.80000000000004,2.7777777777777777,1
C-1400,23,6,12771.57,2128.595,436.2383333333333,4.5,1
C-1401,60,7,13013.640000000001,1859.0914285714287,139.48,3.857142857142857,1
C-1402,30,7,10229.779999999999,1461.3971428571426,172.03142857142856,3.4285714285714284,1
C-1403,23,1,360.0,360.0,90.0,3.0,1
C-1404,55,6,11510.05,1918.3416666666665,200.82500000000002,3.8333333333333335,1
C-1405,32,5,5993.72,1198.7440000000001,124.256,3.2,1
C-1406,43,7,12454.44,1779.2057142857143,276.08,3.4285714285714284,1
C-1407,29,9,41049.65,4561.072222222222,342.0388888888889,3.6666666666666665,0
C-1408,53,5,19401.55,3880.31,838.89,4.4,1
C-1409,39,9,13202.19,1466.91,114.75666666666666,4.0,1
C-1410,52,9,11562.44,1284.7155555555555,69.83999999999999,4.0,1
C-1411,42,5,5712.5,1142.5,86.3,2.8,1
C-1412,39,3,1996.8,665.6,166.4,1.6666666666666667,1
C-1413,19,8,64129.85,8016.23125,418.39375,3.5,0
C-1414,22,11,55746.3,5067.845454545455,402.97272727272724,3.5454545454545454,0
C-1415,38,5,5405.53,1081.106,117.09400000000001,4.6,1
C-1416,52,4,8350.220000000001,2087.5550000000003,180.195,3.75,1
C-1417,36,4,7770.5,1942.625,218.375,3.0,1
C-1418,22,5,7874.66,1574.932,123.86800000000001,4.8,1
C-1419,38,6,18942.59,3157.0983333333334,124.06833333333334,4.166666666666667,1
C-1420,35,6,17988.95,2998.1583333333333,233.17499999999998,3.3333333333333335,1
C-1421,65,6,28473.38,4745.5633333333335,539.6033333333334,3.5,1
C-1422,34,8,19502.63,2437.82875,91.92125,3.625,1
C-1423,33,2,4720.08,2360.04,87.96,3.5,1
C-1424,24,6,6817.82,1136.3033333333333,210.03,4.5,1
C-1425,57,3,6825.49,2275.1633333333334,256.50333333333333,3.0,1
C-1426,48,6,15312.59,2552.0983333333334,213.23499999999999,4.333333333333333,1
C-1427,49,4,60892.78,15223.195,1949.805,4.75,0
C-1428,29,5,25818.98,5163.796,254.404,3.4,1
C-1429,32,3,13300.74,4433.58,390.42,3.0,1
C-1430,51,3,8313.6,2771.2000000000003,93.13333333333333,3.3333333333333335,1
C-1431,20,3,1563.22,521.0733333333334,44.593333333333334,4.333333333333333,1
C-1432,61,8,29771.97,3721.49625,389.12875,3.875,1
C-1433,62,3,5046.84,1682.28,249.0533333333333,3.0,1
C-1434,62,3,2021.0,673.6666666666666,153.0,4.666666666666667,1
C-1435,42,6,16948.14,2824.69,227.80999999999997,2.1666666666666665,1
C-1436,41,3,2770.87,923.6233333333333,121.04333333333334,2.6666666666666665,1
C-1437,53,1,1230.24,1230.24,167.76,5.0,1
C-1438,48,8,11027.470000000001,1378.4337500000001,182.69125,3.75,1
C-1439,29,4,7679.719999999999,1919.9299999999998,303.82,3.0,1
C-1440,44,4,6994.69,1748.6725,198.5775,1.75,1
C-1441,43,1,2499.0,2499.0,0.0,2.0,1
C-1442,54,5,6681.639999999999,1336.328,177.672,2.8,1
C-1443,24,9,32381.46,3597.94,112.1711111111111,3.7777777777777777,1
C-1444,53,9,15418.779999999999,1713.1977777777777,131.91333333333333,3.7777777777777777,1
C-1445,27,5,6802.7,1360.54,197.85999999999999,3.2,1
C-1446,18,3,5158.23,1719.4099999999999,78.58999999999999,2.6666666666666665,1
C-1447,26,7,4597.48,656.7828571428571,83.21714285714286,2.2857142857142856,1
C-1448,64,5,4237.48,847.4959999999999,101.10400000000001,3.4,1
C-1449,34,5,33229.59,6645.918,452.68199999999996,3.4,0
C-1450,43,8,46296.950000000004,5787.118750000001,92.38125000000001,4.25,0
C-1451,31,4,6764.5,1691.125,195.375,3.5,1
C-1452,46,8,7706.91,963.36375,91.26125,3.25,1
C-1453,41,6,11016.759999999998,1836.1266666666663,170.54,3.6666666666666665,1
C-1454,34,7,14319.009999999998,2045.572857142857,176.8557142857143,3.0,1
C-1455,25,7,9104.199999999999,1300.6,210.1142857142857,3.7142857142857144,1
C-1456,54,6,14663.380000000001,2443.896666666667,112.93666666666667,4.833333333333333,1
C-1457,36,7,14371.560000000001,2053.0800000000004,100.34857142857142,3.4285714285714284,1
C-1458,49,7,15353.98,2193.425714285714,255.43142857142857,3.5714285714285716,1
C-1459,42,10,9301.86,930.186,128.41400000000002,3.7,1
C-1460,58,3,5329.3099999999995,1776.4366666666665,155.56333333333333,4.666666666666667,1
C-1461,44,9,14770.48,1641.1644444444444,68.28,3.7777777777777777,1
C-1462,43,4,5805.3,1451.325,72.425,3.75,1
C-1463,39,3,3272.56,1090.8533333333332,89.81333333333333,4.666666666666667,1
C-1464,59,6,39343.36,6557.2266666666665,608.2733333333334,4.5,0
C-1465,59,3,3062.33,1020.7766666666666,161.55666666666667,4.0,1
C-1466,41,7,25952.61,3707.5157142857142,334.3414285714286,4.428571428571429,1
C-1467,46,2,18334.1,9167.05,982.45,3.5,0
C-1468,19,2,1755.0,877.5,135.0,4.0,1
C-1469,65,6,41878.88,6979.813333333333,893.6866666666666,4.666666666666667,0
C-1470,28,7,24226.95,3460.9928571428572,102.00714285714287,3.857142857142857,1
C-1471,22,4,6955.3,1738.825,134.925,3.25,1
C-1472,19,4,5439.21,1359.8025,138.4475,3.5,1
C-1473,24,8,21154.88,2644.36,282.14,3.25,1
C-1474,23,3,6232.05,2077.35,4.983333333333333,3.3333333333333335,1
C-1475,32,8,12003.77,1500.47125,52.40375,4.25,1
C-1476,58,6,25582.850000000002,4263.808333333333,767.1916666666667,3.3333333333333335,1
C-1477,28,8,13482.75,1685.34375,169.53125,3.25,1
C-1478,38,6,19724.44,3287.4066666666663,435.4266666666667,4.0,1
C-1479,35,3,1867.05,622.35,118.64999999999999,5.0,1
C-1481,56,7,12893.71,1841.9585714285713,99.1842857142857,3.5714285714285716,1
C-1482,51,6,7210.41,1201.735,76.265,2.8333333333333335,1
C-1483,40,7,12593.19,1799.027142857143,107.40142857142857,4.142857142857143,1
C-1484,23,7,20110.84,2872.977142857143,260.88,4.142857142857143,1
C-1485,44,8,18924.69,2365.58625,224.66375,3.875,1
C-1486,18,4,8394.0,2098.5,0.0,4.25,1
C-1487,40,5,69732.0,13946.4,2351.8,2.6,0
C-1488,18,6,9270.769999999999,1545.128333333333,190.03833333333333,4.166666666666667,1
C-1489,37,6,15148.3,2524.7166666666667,256.45,3.5,1
C-1490,56,5,11307.17,2261.434,236.36599999999999,3.0,1
C-1491,41,8,8885.61,1110.70125,78.29875,3.875,1
C-1492,45,6,8643.439999999999,1440.573333333333,162.09333333333333,3.6666666666666665,1
C-1493,63,4,6946.93,1736.7325,286.5175,4.25,1
C-1494,32,6,13671.4,2278.5666666666666,423.09999999999997,3.6666666666666665,1
C-1495,58,6,10940.06,1823.3433333333332,116.82333333333334,3.8333333333333335,1
C-1496,62,5,9305.45,1861.0900000000001,197.91,3.6,1
C-1497,59,4,7719.3,1929.825,142.425,3.25,1
C-1498,44,7,14500.279999999999,2071.468571428571,183.81714285714287,3.2857142857142856,1
C-1499,26,7,4005.42,572.2028571428572,48.51142857142857,3.142857142857143,1
C-1500,57,7,12315.03,1759.2900000000002,153.42428571428573,3.2857142857142856,1
C-1501,49,5,11172.38,2234.4759999999997,139.524,3.8,1
C-1502,27,3,1952.3700000000001,650.7900000000001,114.87666666666667,5.0,1
C-1503,29,4,3432.23,858.0575,53.692499999999995,3.75,1
C-1504,26,3,3024.58,1008.1933333333333,64.80666666666666,4.0,1
C-1505,32,7,5312.7,758.9571428571428,61.042857142857144,4.714285714285714,1
C-1506,49,9,10268.35,1140.927777777778,179.18333333333334,3.4444444444444446,1
C-1507,37,6,42818.11,7136.3516666666665,1562.3149999999998,3.0,0
C-1508,62,11,17387.4,1580.6727272727273,101.41818181818181,3.4545454545454546,1
C-1509,27,7,16889.67,2412.81,242.76142857142855,4.0,1
C-1510,22,7,17751.48,2535.925714285714,119.93142857142857,4.0,1
C-1511,30,9,34876.65,3875.1833333333334,206.59444444444446,4.333333333333333,1
C-1512,25,6,6302.7300000000005,1050.4550000000002,173.045,4.166666666666667,1
C-1513,46,5,12359.01,2471.802,156.198,2.6,1
C-1514,47,2,2972.36,1486.18,161.82,2.5,1
C-1515,60,4,7160.780000000001,1790.1950000000002,270.305,3.25,1
C-1516,61,10,18682.18,1868.218,121.982,2.8,1
C-1517,58,1,8092.32,8092.32,703.68,5.0,1
C-1518,51,4,17542.29,4385.5725,312.4275,3.75,1
C-1519,58,5,26568.28,5313.656,714.144,3.6,0
C-1520,21,10,26149.92,2614.9919999999997,336.108,3.9,1
C-1521,33,5,4959.549999999999,991.9099999999999,116.89000000000001,3.8,1
C-1522,18,5,7177.84,1435.568,273.032,4.2,1
C-1523,25,6,14025.01,2337.5016666666666,164.83166666666668,3.1666666666666665,1
C-1524,20,4,2310.55,577.6375,71.1125,5.0,1
C-1525,27,11,14402.37,1309.3063636363638,101.14818181818183,3.1818181818181817,1
C-1526,28,6,16781.62,2796.9366666666665,167.89666666666668,3.1666666666666665,1
C-1527,39,5,6255.54,1251.108,72.69200000000001,3.6,1
C-1528,40,4,4226.33,1056.5825,67.16749999999999,4.25,1
C-1529,24,10,62762.630000000005,6276.263000000001,744.3370000000001,3.5,0
C-1530,38,8,39617.35,4952.16875,457.95625,3.25,0
C-1531,64,8,6457.71,807.21375,38.91125,3.875,1
C-1532,40,9,15186.21,1687.3566666666666,185.97666666666666,3.888888888888889,1
C-1533,20,13,37974.19,2921.0915384615387,261.6776923076923,3.1538461538461537,1
C-1534,36,8,10187.22,1273.4025,73.0975,3.875,1
C-1535,54,5,6044.5,1208.9,24.5,2.8,1
C-1536,38,9,8348.99,927.6655555555556,38.11222222222222,3.7777777777777777,1
C-1537,56,5,9669.25,1933.85,164.35,4.6,1
C-1538,51,5,12186.259999999998,2437.2519999999995,130.748,3.4,1
C-1539,34,5,12228.32,2445.6639999999998,351.736,4.2,1
C-1540,18,9,17800.91,1977.878888888889,206.89888888888888,3.2222222222222223,1
C-1541,64,6,12618.31,2103.0516666666667,249.44833333333335,2.6666666666666665,1
C-1542,41,3,2194.8,731.6,76.39999999999999,2.3333333333333335,1
C-1543,64,3,5852.8,1950.9333333333334,97.39999999999999,3.6666666666666665,1
C-1544,30,3,14358.57,4786.19,361.1433333333334,4.0,1
C-1545,27,3,4343.35,1447.7833333333335,333.8833333333333,4.0,1
C-1546,44,6,5527.7,921.2833333333333,94.05000000000001,4.666666666666667,1
C-1547,24,8,12976.19,1622.02375,203.72625,3.5,1
C-1548,26,5,23661.23,4732.246,116.154,3.8,1
C-1549,24,3,5335.0,1778.3333333333333,386.3333333333333,3.3333333333333335,1
C-1550,20,4,5960.15,1490.0375,207.2125,3.75,1
C-1551,51,9,15674.93,1741.658888888889,173.34111111111113,3.0,1
C-1552,21,8,22757.92,2844.74,463.26,3.625,1
C-1553,63,5,4974.75,994.95,173.85,4.2,1
C-1554,59,4,20161.52,5040.38,470.37,3.25,1
C-1555,58,3,34864.04,11621.346666666666,2792.986666666667,4.666666666666667,0
C-1556,65,12,30791.440000000002,2565.9533333333334,161.71333333333334,3.0,1
C-1557,57,7,17219.29,2459.8985714285714,338.38714285714286,3.7142857142857144,1
C-1558,64,4,3277.4,819.35,47.9,2.0,1
C-1559,31,6,18121.77,3020.295,226.705,3.6666666666666665,1
C-1560,64,5,4994.2,998.8399999999999,19.96,4.2,1
C-1561,30,7,28071.489999999998,4010.212857142857,562.7871428571428,4.142857142857143,1
C-1562,54,8,7402.19,925.27375,68.72625,3.875,1
C-1563,65,9,13630.24,1514.471111111111,167.5288888888889,3.3333333333333335,1
C-1564,58,3,2774.2200000000003,924.7400000000001,106.25999999999999,3.3333333333333335,1
C-1565,62,3,8876.24,2958.7466666666664,504.92,4.333333333333333,1
C-1566,28,6,6236.63,1039.4383333333333,109.395,3.6666666666666665,1
C-1567,50,7,11083.04,1583.2914285714287,97.5657142857143,4.571428571428571,1
C-1568,56,3,8822.85,2940.9500000000003,174.05000000000004,3.6666666666666665,1
C-1569,53,6,22850.5,3808.4166666666665,139.91666666666666,3.3333333333333335,1
C-1570,58,5,10225.55,2045.11,112.89000000000001,3.8,1
C-1571,33,8,20164.8,2520.6,414.775,3.25,1
C-1572,42,6,11625.93,1937.655,302.84499999999997,2.0,1
C-1573,46,9,18664.68,2073.8533333333335,196.70222222222222,3.5555555555555554,1
C-1574,64,5,6559.03,1311.806,111.59400000000001,3.2,1
C-1575,19,9,11403.64,1267.0711111111111,125.70666666666665,3.7777777777777777,1
C-1576,18,7,9182.55,1311.792857142857,76.35000000000001,4.285714285714286,1
C-1577,38,6,13928.439999999999,2321.4066666666663,306.0933333333333,3.6666666666666665,1
C-1578,50,5,9053.25,1810.65,57.95,3.8,1
C-1579,27,3,17093.36,5697.786666666667,599.88,4.666666666666667,1
C-1580,40,9,35248.35,3916.483333333333,170.9611111111111,3.111111111111111,1
C-1581,41,6,6320.52,1053.42,95.58,4.0,1
C-1582,34,6,23998.300000000003,3999.716666666667,96.45,4.5,1
C-1583,43,6,22680.61,3780.101666666667,234.56500000000003,2.5,1
C-1584,64,6,10121.45,1686.9083333333335,94.925,3.5,1
C-1585,49,4,25130.75,6282.6875,277.3125,4.0,1
C-1586,56,5,15691.859999999999,3138.372,355.028,3.4,1
C-1587,64,9,11250.24,1250.0266666666666,143.19555555555556,2.888888888888889,1
C-1588,21,6,13145.86,2190.976666666667,271.52333333333337,3.0,1
C-1589,44,9,14841.82,1649.091111111111,270.02,3.7777777777777777,1
C-1590,18,12,21052.82,1754.4016666666666,114.59833333333334,4.0,1
C-1591,37,11,27692.82,2517.529090909091,194.01636363636362,3.272727272727273,1
C-1592,52,8,14787.06,1848.3825,137.1175,3.75,1
C-1593,50,5,6498.25,1299.65,223.75,4.2,1
C-1594,21,7,25041.4,3577.342857142857,246.08571428571426,4.285714285714286,1
C-1595,56,7,23972.51,3424.6442857142856,522.6414285714285,3.142857142857143,1
C-1596,32,3,10625.99,3541.9966666666664,422.00333333333333,4.0,1
C-1597,27,8,15145.22,1893.1525,273.72249999999997,3.625,1
C-1598,48,3,65012.850000000006,21670.95,5093.05,1.6666666666666667,0
C-1599,43,7,27014.65,3859.2357142857145,220.62142857142857,4.285714285714286,1
C-1600,50,8,20770.75,2596.34375,530.40625,3.25,1
C-1601,48,6,11399.0,1899.8333333333333,69.5,3.6666666666666665,1
C-1602,43,8,23687.66,2960.9575,259.9175,4.0,1
C-1603,53,8,16212.92,2026.615,202.885,3.0,1
C-1604,33,2,1248.3000000000002,624.1500000000001,124.85000000000001,4.0,1
C-1605,38,6,5960.639999999999,993.4399999999999,63.22666666666667,4.0,1
C-1606,25,6,10524.69,1754.115,111.05166666666666,3.6666666666666665,1
C-1607,41,1,1998.0,1998.0,0.0,5.0,1
C-1608,40,4,3946.75,986.6875,86.0625,3.5,1
C-1609,28,4,11673.599999999999,2918.3999999999996,204.85000000000002,2.25,1
C-1610,57,6,26369.2,4394.866666666667,528.1333333333333,3.5,1
C-1611,32,7,20155.449999999997,2879.3499999999995,365.36428571428576,4.0,1
C-1612,64,9,17762.41,1973.601111111111,163.84333333333333,3.4444444444444446,1
C-1613,33,5,16741.8,3348.3599999999997,309.84000000000003,3.8,1
C-1614,18,4,4852.05,1213.0125,29.9875,4.5,1
C-1615,46,3,6497.45,2165.8166666666666,341.51666666666665,4.0,1
C-1616,31,2,3714.4,1857.2,464.3,3.0,1
C-1617,31,8,15356.41,1919.55125,145.44875,4.5,1
C-1618,53,4,11105.12,2776.28,20.97,5.0,1
C-1619,62,5,22343.54,4468.7080000000005,349.892,3.8,1
C-1620,55,4,2009.53,502.3825,90.36749999999999,2.5,1
C-1621,34,6,18487.81,3081.3016666666667,224.69833333333335,3.5,1
C-1622,30,3,8265.95,2755.316666666667,626.35,3.6666666666666665,1
C-1623,21,3,3606.1,1202.0333333333333,13.299999999999999,3.6666666666666665,1
C-1624,42,7,15562.21,2223.172857142857,246.54142857142855,3.7142857142857144,1
C-1625,24,7,8637.38,1233.9114285714284,53.08857142857143,3.4285714285714284,1
C-1626,32,7,20723.15,2960.4500000000003,98.40714285714286,3.5714285714285716,1
C-1627,38,9,28654.980000000003,3183.886666666667,362.22444444444443,3.6666666666666665,1
C-1628,23,9,15669.32,1741.0355555555554,165.29777777777778,2.7777777777777777,1
C-1629,47,5,14089.52,2817.904,359.696,3.6,1
C-1630,33,4,4174.49,1043.6225,117.6275,2.5,1
C-1631,49,12,31741.879999999997,2645.1566666666663,360.26,2.3333333333333335,1
C-1632,40,6,14066.9,2344.483333333333,237.1833333333333,4.333333333333333,1
C-1633,58,9,18090.18,2010.02,221.42444444444445,4.222222222222222,1
C-1634,35,5,5085.8,1017.1600000000001,36.44,3.6,1
C-1635,19,9,25776.7,2864.077777777778,162.14444444444445,3.7777777777777777,1
C-1636,27,2,1399.08,699.54,74.96000000000001,5.0,1
C-1637,23,8,13334.96,1666.87,300.005,3.75,1
C-1638,61,3,2144.92,714.9733333333334,133.02666666666667,5.0,1
C-1639,33,2,2428.15,1214.075,134.925,5.0,1
C-1640,37,4,29598.8,7399.7,17.8,2.75,1
C-1641,52,5,18431.32,3686.264,31.936,2.0,1
C-1642,55,6,7504.2,1250.7,130.79999999999998,3.6666666666666665,1
C-1643,37,3,2424.73,808.2433333333333,40.75666666666667,3.3333333333333335,1
C-1644,45,7,100026.15,14289.449999999999,844.1214285714286,3.5714285714285716,0
C-1645,38,7,9296.98,1328.1399999999999,167.1457142857143,2.5714285714285716,1
C-1646,64,7,41632.44,5947.4914285714285,596.5085714285714,4.0,0
C-1647,27,9,7787.7,865.3,99.92222222222222,3.2222222222222223,1
C-1648,44,6,19586.239999999998,3264.373333333333,483.79333333333335,2.8333333333333335,1
C-1649,65,5,8379.7,1675.94,52.46,3.8,1
C-1650,30,9,31257.52,3473.057777777778,250.60888888888888,3.6666666666666665,1
C-1651,19,5,21215.67,4243.134,442.666,2.6,1
C-1652,56,5,9102.02,1820.404,188.596,3.4,1
C-1653,56,8,12475.18,1559.3975,101.6025,4.25,1
C-1654,40,11,17859.82,1623.62,129.19818181818184,2.4545454545454546,1
C-1655,50,6,22350.97,3725.161666666667,406.50499999999994,3.5,1
C-1656,29,8,13991.67,1748.95875,380.54125,3.25,1
C-1657,26,8,5336.48,667.06,76.94,3.375,1
C-1658,20,6,7521.15,1253.5249999999999,58.975,2.5,1
C-1659,44,4,2484.66,621.165,89.83500000000001,3.75,1
C-1660,22,8,11877.54,1484.6925,157.5575,3.375,1
C-1661,49,7,11449.74,1635.6771428571428,219.89428571428567,3.5714285714285716,1
C-1662,33,9,26467.63,2940.847777777778,496.48555555555555,3.2222222222222223,1
C-1663,56,8,8617.9,1077.2375,115.1375,3.625,1
C-1664,43,7,8496.460000000001,1213.7800000000002,56.505714285714284,3.5714285714285716,1
C-1665,52,6,14272.65,2378.775,319.39166666666665,3.8333333333333335,1
C-1666,24,2,3318.2,1659.1,189.9,4.0,1
C-1667,33,4,9139.380000000001,2284.8450000000003,239.155,3.25,1
C-1668,65,4,8736.57,2184.1425,189.10750000000002,3.25,1
C-1669,51,8,14478.04,1809.755,151.12,3.875,1
C-1670,36,5,9553.5,1910.7,227.9,4.2,1
C-1671,36,6,11174.66,1862.4433333333334,81.72333333333334,3.3333333333333335,1
C-1672,36,5,14898.05,2979.6099999999997,398.59,3.4,1
C-1673,27,1,175.75,175.75,9.25,4.0,1
C-1674,64,8,27617.11,3452.13875,308.23625,3.125,1
C-1675,55,5,6951.629999999999,1390.3259999999998,128.474,1.4,1
C-1676,43,3,5352.51,1784.17,129.83,3.6666666666666665,1
C-1677,19,12,22939.87,1911.6558333333332,224.76083333333335,3.25,1
C-1678,63,4,4218.82,1054.705,94.295,4.5,1
C-1679,34,8,21160.489999999998,2645.0612499999997,131.68875,3.25,1
C-1680,23,11,18309.1,1664.4636363636362,169.9,3.8181818181818183,1
C-1681,23,6,10072.56,1678.76,103.24000000000001,3.6666666666666665,1
C-1682,57,9,33293.380000000005,3699.264444444445,520.9577777777779,3.111111111111111,1
C-1683,42,4,3989.49,997.3725,89.1275,4.5,1
C-1684,54,10,12095.5,1209.55,175.85,3.4,1
C-1685,27,3,28896.199999999997,9632.066666666666,566.6,4.333333333333333,0
C-1686,37,6,14786.45,2464.4083333333333,150.75833333333333,3.0,1
C-1687,58,10,14205.119999999999,1420.512,204.188,2.8,1
C-1688,30,4,10592.38,2648.095,350.905,3.75,1
C-1689,18,5,17375.45,3475.09,488.31000000000006,2.4,1
C-1690,52,5,7025.95,1405.19,79.21000000000001,3.2,1
C-1691,33,3,5744.1,1914.7,16.633333333333333,4.333333333333333,1
C-1692,47,7,5950.63,850.09,91.91,3.142857142857143,1
C-1693,56,7,10065.68,1437.9542857142858,216.90285714285713,1.7142857142857142,1
C-1694,53,4,3583.36,895.84,114.91,3.25,1
C-1695,31,4,8871.869999999999,2217.9674999999997,254.7825,3.75,1
C-1696,21,3,5783.5,1927.8333333333333,269.8333333333333,4.333333333333333,1
C-1697,27,9,24488.4,2720.9333333333334,338.84444444444443,3.6666666666666665,1
C-1698,37,4,4330.15,1082.5375,197.71249999999998,3.0,1
C-1699,24,5,4203.1,840.6200000000001,73.97999999999999,3.8,1
C-1700,61,5,11703.520000000002,2340.7040000000006,162.89600000000002,3.4,1
C-1701,54,5,4118.99,823.798,130.002,4.0,1
C-1702,65,5,8088.6,1617.72,99.88000000000001,3.6,1
C-1703,23,3,4056.72,1352.24,212.76,3.0,1
C-1704,42,5,24627.48,4925.496,268.104,4.6,1
C-1705,22,8,9425.61,1178.20125,44.29875,3.375,1
C-1706,25,8,33911.479999999996,4238.9349999999995,84.565,3.25,1
C-1707,51,6,10775.75,1795.9583333333333,250.20833333333334,3.1666666666666665,1
C-1708,62,6,48562.37,8093.7283333333335,379.93833333333333,3.6666666666666665,0
C-1709,24,3,22890.2,7630.066666666667,33.266666666666666,2.6666666666666665,1
C-1710,48,3,7182.22,2394.0733333333333,171.26,4.0,1
C-1711,45,7,12703.76,1814.8228571428572,126.32000000000001,4.285714285714286,1
C-1712,51,4,13953.800000000001,3488.4500000000003,184.8,4.25,1
C-1713,26,8,18921.739999999998,2365.2174999999997,326.65749999999997,3.625,1
C-1714,51,6,79779.48,13296.58,785.2533333333334,3.8333333333333335,0
C-1715,29,6,5214.3,869.0500000000001,92.61666666666667,3.1666666666666665,1
C-1716,30,5,4475.43,895.086,63.31400000000001,4.2,1
C-1717,47,3,1757.28,585.76,46.57333333333333,4.333333333333333,1
C-1718,57,6,8738.84,1456.4733333333334,66.52666666666666,3.0,1
C-1719,39,2,898.0,449.0,0.0,4.0,1
C-1720,18,4,22752.379999999997,5688.094999999999,908.905,3.75,0
C-1721,34,4,19244.57,4811.1425,637.3575000000001,3.0,1
C-1722,50,4,4047.3,1011.825,56.175000000000004,3.0,1
C-1723,25,7,8900.2,1271.457142857143,88.54285714285713,3.4285714285714284,1
C-1724,43,3,4142.48,1380.8266666666666,117.17333333333335,2.6666666666666665,1
C-1725,19,9,16233.23,1803.6922222222222,180.64111111111112,3.4444444444444446,1
C-1726,39,6,5742.5199999999995,957.0866666666666,89.58,3.3333333333333335,1
C-1727,20,5,5438.79,1087.758,90.442,3.2,1
C-1728,27,8,16768.07,2096.00875,254.99125,3.5,1
C-1729,39,5,13080.75,2616.15,112.45,3.6,1
C-1730,51,5,11094.869999999999,2218.9739999999997,218.82600000000002,3.2,1
C-1731,53,3,33986.189999999995,11328.729999999998,1545.2700000000002,3.0,0
C-1732,54,5,4379.599999999999,875.9199999999998,93.08,4.0,1
C-1733,22,6,23611.629999999997,3935.271666666666,252.72833333333335,4.333333333333333,1
C-1734,39,6,7812.73,1302.1216666666667,96.045,3.3333333333333335,1
C-1735,54,4,9952.0,2488.0,309.75,3.5,1
C-1736,56,7,14786.89,2112.412857142857,248.4442857142857,4.0,1
C-1737,63,7,11670.33,1667.19,224.52428571428572,4.428571428571429,1
C-1738,23,3,3776.12,1258.7066666666667,39.96,3.0,1
C-1739,46,4,7142.51,1785.6275,251.6225,3.5,1
C-1740,37,6,5842.6,973.7666666666668,37.4,4.0,1
C-1741,20,11,34422.96,3129.36,159.27636363636364,3.8181818181818183,1
C-1742,50,5,21895.52,4379.104,587.496,3.6,1
C-1743,27,5,19503.55,3900.71,757.0899999999999,3.8,1
C-1744,64,5,5814.879999999999,1162.9759999999999,172.624,4.2,1
C-1745,27,5,9199.09,1839.818,172.182,3.8,1
C-1746,31,10,13117.960000000001,1311.796,112.00399999999999,2.5,1
C-1747,42,10,28067.559999999998,2806.756,293.744,3.2,1
C-1748,18,5,32146.2,6429.24,57.760000000000005,3.0,1
C-1749,23,5,82489.01,16497.802,175.398,2.6,0
C-1750,24,4,3845.71,961.4275,187.3225,4.0,1
C-1751,54,6,38856.12,6476.02,984.48,3.0,0
C-1752,30,4,7380.12,1845.03,16.47,3.75,1
C-1753,52,2,5138.2,2569.1,329.9,3.0,1
C-1754,35,9,71330.02,7925.557777777778,139.44222222222223,3.3333333333333335,0
C-1755,25,6,9220.6,1536.7666666666667,311.40000000000003,3.5,1
C-1756,50,7,13010.32,1858.6171428571429,147.23999999999998,3.0,1
C-1757,40,7,17125.12,2446.445714285714,192.55428571428573,3.5714285714285716,1
C-1758,27,5,17762.239999999998,3552.4479999999994,105.55199999999999,3.8,1
C-1759,33,11,58549.89,5322.717272727273,206.01000000000002,3.727272727272727,0
C-1760,57,6,80310.63,13385.105000000001,59.06166666666667,3.5,0
C-1761,21,5,10657.3,2131.46,131.94,4.0,1
C-1762,61,9,14131.49,1570.1655555555556,150.39,3.7777777777777777,1
C-1763,21,6,34182.81,5697.134999999999,593.365,4.0,0
C-1764,29,1,1198.0,1198.0,0.0,1.0,1
C-1765,58,8,15548.64,1943.58,164.54500000000002,3.125,1
C-1766,40,1,3958.2,3958.2,439.8,4.0,1
C-1767,63,4,8100.48,2025.12,194.88,3.5,1
C-1768,47,6,52806.94,8801.156666666668,838.1766666666666,2.6666666666666665,0
C-1769,62,5,17446.629999999997,3489.3259999999996,248.67399999999998,4.4,1
C-1770,37,9,10692.81,1188.09,121.35444444444445,3.5555555555555554,1
C-1771,32,11,27708.84,2518.9854545454546,274.56,3.4545454545454546,1
C-1772,34,7,103548.92000000001,14792.702857142858,134.58285714285714,3.2857142857142856,0
C-1773,62,6,3369.69,561.615,53.885,2.5,1
C-1774,47,6,24767.4,4127.900000000001,70.76666666666667,3.3333333333333335,1
C-1775,48,2,2702.32,1351.16,297.84000000000003,3.0,1
C-1776,47,14,31816.600000000002,2272.614285714286,389.8142857142857,3.0714285714285716,1
C-1777,56,10,15400.779999999999,1540.078,208.522,3.8,1
C-1778,24,11,58283.31,5298.482727272727,158.88090909090909,4.090909090909091,0
C-1779,53,8,4835.46,604.4325,83.3175,3.75,1
C-1780,52,9,18785.45,2087.2722222222224,218.95,3.5555555555555554,1
C-1781,44,8,36413.299999999996,4551.662499999999,515.0875,4.375,0
C-1782,53,5,3411.95,682.39,66.41,3.8,1
C-1783,22,8,16478.16,2059.77,113.60499999999999,3.375,1
C-1784,45,12,20207.72,1683.9766666666667,130.35666666666665,4.083333333333333,1
C-1785,52,6,6237.85,1039.6416666666667,142.35833333333335,4.333333333333333,1
C-1786,60,3,8826.25,2942.0833333333335,323.25,3.6666666666666665,1
C-1787,49,5,24031.32,4806.264,1131.736,3.6,0
C-1788,47,4,2084.38,521.095,52.905,3.5,1
C-1789,46,8,19489.77,2436.22125,243.40375,3.625,1
C-1790,22,5,13006.4,2601.2799999999997,35.92,3.8,1
C-1791,42,5,11123.55,2224.71,282.89,3.6,1
C-1792,23,4,7244.46,1811.115,111.38499999999999,4.0,1
C-1793,58,9,14297.939999999999,1588.6599999999999,118.4511111111111,3.888888888888889,1
C-1794,46,8,37096.78999999999,4637.098749999999,761.77625,3.5,0
C-1795,57,7,4619.83,659.9757142857143,81.73857142857143,4.285714285714286,1
C-1796,31,5,42239.35,8447.869999999999,97.33,3.2,0
C-1797,54,4,3468.4500000000003,867.1125000000001,212.88750000000002,3.25,1
C-1798,63,4,5599.18,1399.795,30.455000000000002,3.75,1
C-1799,18,9,36120.68,4013.408888888889,224.14666666666665,4.222222222222222,1
C-1800,26,10,11346.560000000001,1134.6560000000002,153.94400000000002,3.1,1
C-1801,53,6,9681.82,1613.6366666666665,185.02999999999997,3.8333333333333335,1
C-1802,40,8,13670.82,1708.8525,58.5225,3.25,1
C-1803,33,5,5567.9400000000005,1113.5880000000002,104.41199999999999,4.0,1
C-1804,58,5,5321.5,1064.3,114.7,4.6,1
C-1805,42,9,28202.800000000003,3133.6444444444446,362.2444444444444,3.0,1
C-1806,60,3,3202.4700000000003,1067.49,130.84333333333333,3.0,1
C-1807,30,4,4069.0,1017.25,65.5,3.75,1
C-1808,44,7,62040.119999999995,8862.874285714284,1411.982857142857,3.5714285714285716,0
C-1809,26,3,2266.05,755.35,9.983333333333333,4.666666666666667,1
C-1810,27,5,13733.81,2746.7619999999997,551.4379999999999,4.0,1
C-1811,26,6,66653.02,11108.836666666668,1538.83,3.0,0
C-1812,47,6,91809.09999999999,15301.516666666665,1363.15,3.6666666666666665,0
C-1813,57,6,10745.07,1790.845,106.65500000000002,4.333333333333333,1
C-1814,45,6,8675.68,1445.9466666666667,103.38666666666666,3.5,1
C-1815,40,5,10365.32,2073.064,116.136,3.8,1
C-1816,56,4,5481.5599999999995,1370.3899999999999,127.86,4.75,1
C-1817,64,5,6425.42,1285.084,113.71599999999998,3.8,1
C-1818,44,7,12892.2,1841.7428571428572,256.54285714285714,4.142857142857143,1
C-1819,20,6,6793.5599999999995,1132.26,100.07333333333332,4.166666666666667,1
C-1820,63,6,31818.68,5303.113333333334,326.0533333333333,2.8333333333333335,1
C-1821,48,4,10601.1,2650.275,397.225,3.0,1
C-1822,64,8,31356.899999999998,3919.6124999999997,114.5125,3.25,1
C-1823,47,2,40796.6,20398.3,3599.7,3.5,0
C-1824,57,2,3288.2999999999997,1644.1499999999999,204.85,3.5,1
C-1825,58,5,12338.09,2467.618,261.382,3.8,1
C-1826,55,4,6736.24,1684.06,52.19,4.75,1
C-1827,39,7,27701.84,3957.405714285714,83.88,3.5714285714285716,1
C-1828,47,7,12005.3,1715.042857142857,180.67142857142858,2.857142857142857,1
C-1829,64,5,7402.17,1480.434,152.76600000000002,4.4,1
C-1830,36,3,9655.5,3218.5,346.5,2.6666666666666665,1
C-1831,62,8,19465.11,2433.13875,271.23625,4.5,1
C-1832,34,5,7057.7,1411.54,85.86,3.8,1
C-1833,28,5,5305.83,1061.166,117.23400000000001,4.0,1
C-1834,65,7,12631.19,1804.4557142857143,236.68714285714285,3.2857142857142856,1
C-1835,49,4,30791.120000000003,7697.780000000001,924.72,2.25,0
C-1836,22,7,50547.32,7221.045714285714,891.0971428571429,3.7142857142857144,0
C-1837,57,5,18917.25,3783.45,651.75,3.8,1
C-1838,18,7,6853.03,979.0042857142856,115.42428571428572,2.2857142857142856,1
C-1839,29,6,100642.45,16773.741666666665,40.75833333333333,4.333333333333333,0
C-1840,41,4,4509.85,1127.4625,102.2875,2.75,1
C-1841,49,6,13484.77,2247.4616666666666,396.53833333333336,3.8333333333333335,1
C-1842,39,4,2175.45,543.8625,54.887499999999996,3.5,1
C-1843,27,6,8167.65,1361.2749999999999,119.55833333333334,3.3333333333333335,1
C-1844,33,7,3923.88,560.5542857142857,81.30285714285715,3.4285714285714284,1
C-1845,31,5,4504.799999999999,900.9599999999998,97.44000000000001,2.6,1
C-1846,59,8,15239.039999999999,1904.8799999999999,199.87,3.25,1
C-1847,28,8,8589.57,1073.69625,100.05375,3.625,1
C-1848,37,8,23886.309999999998,2985.7887499999997,256.08625,3.25,1
C-1849,42,6,8443.24,1407.2066666666667,157.46,3.1666666666666665,1
C-1850,34,4,6063.5,1515.875,107.875,3.5,1
C-1851,18,5,9030.52,1806.104,101.896,2.4,1
C-1852,61,4,56189.74,14047.435,1199.815,4.25,0
C-1853,24,6,3468.73,578.1216666666667,35.37833333333333,3.1666666666666665,1
C-1854,57,7,11980.869999999999,1711.552857142857,94.16142857142857,3.857142857142857,1
C-1855,35,3,6379.01,2126.3366666666666,237.33,3.0,1
C-1856,59,4,5810.53,1452.6325,202.3675,3.75,1
C-1857,61,5,8907.79,1781.5580000000002,175.842,3.6,1
C-1858,30,10,11339.96,1133.9959999999999,64.704,3.2,1
C-1859,38,6,10429.82,1738.3033333333333,143.1966666666667,2.8333333333333335,1
C-1860,22,5,26066.23,5213.246,125.154,3.8,1
C-1861,51,10,30899.850000000002,3089.985,277.615,4.4,1
C-1862,32,3,3385.2999999999997,1128.4333333333332,87.23333333333333,4.333333333333333,1
C-1863,30,2,926.95,463.475,78.52499999999999,1.0,1
C-1864,23,3,3504.36,1168.1200000000001,97.21333333333332,4.333333333333333,1
C-1865,56,3,1991.81,663.9366666666666,51.39666666666667,3.6666666666666665,1
C-1866,23,5,4597.88,919.576,94.424,3.8,1
C-1867,60,8,46693.16,5836.645,480.855,4.375,0
C-1868,25,3,4479.9,1493.3,89.03333333333335,4.333333333333333,1
C-1869,36,6,11301.55,1883.5916666666665,157.90833333333333,3.6666666666666665,1
C-1870,35,4,3970.94,992.735,93.765,4.0,1
C-1871,28,8,5958.43,744.80375,100.94625,3.25,1
C-1872,42,4,5587.3,1396.825,102.175,3.25,1
C-1873,34,8,9242.95,1155.36875,54.00625,1.625,1
C-1874,22,8,12852.91,1606.61375,226.13625,3.75,1
C-1875,43,7,22072.44,3153.2057142857143,430.50857142857143,4.0,1
C-1876,27,7,6821.679999999999,974.5257142857142,103.0457142857143,4.0,1
C-1877,57,6,17655.85,2942.6416666666664,188.1916666666667,4.833333333333333,1
C-1878,63,5,3656.2,731.24,27.76,3.6,1
C-1879,22,6,15862.75,2643.7916666666665,41.875,4.166666666666667,1
C-1880,46,6,13423.9,2237.3166666666666,393.84999999999997,3.1666666666666665,1
C-1881,59,3,7650.16,2550.0533333333333,147.94666666666666,2.3333333333333335,1
C-1882,60,1,1198.0,1198.0,0.0,4.0,1
C-1883,62,10,24599.97,2459.9970000000003,193.003,2.7,1
C-1884,18,5,24795.280000000002,4959.0560000000005,387.344,4.8,1
C-1885,45,3,3604.6000000000004,1201.5333333333335,163.13333333333335,3.6666666666666665,1
C-1886,32,3,3204.7799999999997,1068.26,179.74,3.3333333333333335,1
C-1887,25,8,10863.93,1357.99125,181.25875000000002,4.5,1
C-1888,39,7,58347.35,8335.335714285715,1870.0928571428572,3.7142857142857144,0
C-1889,21,7,12960.23,1851.4614285714285,275.82428571428574,3.5714285714285716,1
C-1890,52,11,9573.75,870.3409090909091,103.47727272727273,3.5454545454545454,1
C-1891,36,10,27621.57,2762.157,177.84300000000002,3.2,1
C-1892,53,4,10801.16,2700.29,47.96,3.75,1
C-1893,37,8,13566.48,1695.81,89.44,3.375,1
C-1894,58,4,7419.28,1854.82,131.93,3.75,1
C-1895,23,9,17801.02,1977.891111111111,253.55333333333334,4.111111111111111,1
C-1896,26,5,6226.45,1245.29,88.91,3.8,1
C-1897,64,5,16689.55,3337.91,210.89000000000001,3.8,1
C-1898,42,6,38043.76,6340.626666666667,424.2066666666667,3.0,0
C-1899,49,3,3213.17,1071.0566666666666,44.943333333333335,2.6666666666666665,1
C-1900,20,5,23008.510000000002,4601.702,376.098,4.0,1
C-1901,64,4,3886.85,971.7125,89.2875,4.25,1
C-1902,31,7,12006.49,1715.212857142857,190.35857142857142,4.285714285714286,1
C-1903,61,5,21235.98,4247.196,271.404,3.6,1
C-1904,32,4,10021.5,2505.375,188.875,4.25,1
C-1905,49,3,3418.12,1139.3733333333332,51.626666666666665,3.3333333333333335,1
C-1906,57,4,3311.62,827.905,114.095,3.5,1
C-1907,18,5,11015.05,2203.0099999999998,124.38999999999999,3.6,1
C-1908,24,7,22221.41,3174.4871428571428,252.22714285714284,3.857142857142857,1
C-1909,55,1,719.1,719.1,79.9,1.0,1
C-1910,49,10,30116.95,3011.695,166.20499999999998,3.5,1
C-1911,22,8,7284.64,910.58,44.295,2.875,1
C-1912,65,8,10330.59,1291.32375,144.55124999999998,4.375,1
C-1913,25,6,10891.15,1815.1916666666666,179.14166666666665,3.6666666666666665,1
C-1914,26,4,11498.95,2874.7375,598.5125,4.25,1
C-1915,55,10,17635.920000000002,1763.592,199.70800000000003,3.5,1
C-1916,25,5,8986.56,1797.312,131.08800000000002,3.4,1
C-1917,28,5,6269.35,1253.8700000000001,104.92999999999999,3.2,1
C-1918,28,5,2600.3,520.0600000000001,44.339999999999996,2.8,1
C-1919,20,5,9022.5,1804.5,153.3,4.6,1
C-1920,42,5,7280.709999999999,1456.1419999999998,212.65800000000004,2.8,1
C-1921,23,4,4804.0,1201.0,209.75,5.0,1
C-1922,23,11,19202.25,1745.659090909091,170.88636363636363,3.4545454545454546,1
C-1923,44,6,16713.55,2785.5916666666667,135.07500000000002,4.166666666666667,1
C-1924,31,4,6031.35,1507.8375,116.1625,3.5,1
C-1925,46,3,6156.45,2052.15,446.51666666666665,3.3333333333333335,1
C-1926,57,7,25021.13,3574.447142857143,319.8385714285714,2.7142857142857144,1
C-1927,29,8,100967.5,12620.9375,277.4375,3.375,0
C-1928,23,4,3873.68,968.42,92.33,3.25,1
C-1929,44,5,6987.39,1397.478,77.522,3.6,1
C-1930,30,4,7431.3,1857.825,97.425,4.75,1
C-1931,57,9,50783.939999999995,5642.66,550.1177777777779,4.111111111111111,0
C-1932,32,3,9571.56,3190.52,407.81333333333333,3.0,1
C-1933,21,5,7633.05,1526.6100000000001,109.39000000000001,4.2,1
C-1934,61,12,25459.84,2121.653333333333,188.92999999999998,3.25,1
C-1935,28,15,31524.38,2101.6253333333334,162.17466666666667,3.2,1
C-1936,59,2,2565.05,1282.525,14.975,3.5,1
C-1937,45,3,2648.1,882.6999999999999,147.96666666666667,2.3333333333333335,1
C-1938,47,7,12402.77,1771.8242857142857,119.03285714285714,3.142857142857143,1
C-1939,52,9,30279.16,3364.351111111111,422.9822222222222,3.3333333333333335,1
C-1940,49,6,11112.27,1852.045,129.12166666666667,3.5,1
C-1941,33,2,7902.0,3951.0,22.5,1.0,1
C-1942,55,4,16205.55,4051.3875,33.8625,3.0,1
C-1943,65,7,10456.31,1493.7585714285713,22.812857142857144,3.2857142857142856,1
C-1944,25,5,40211.31,8042.262,36.538,3.8,0
C-1945,33,9,60379.399999999994,6708.822222222221,1456.2888888888888,3.888888888888889,0
C-1946,42,2,6297.0,3148.5,0.0,2.5,1
C-1947,55,7,11219.44,1602.777142857143,231.22285714285712,4.0,1
C-1948,27,6,12200.42,2033.4033333333334,289.7633333333333,4.166666666666667,1
C-1949,29,4,9315.63,2328.9075,394.8425,2.75,1
C-1950,47,5,23589.32,4717.864,568.1360000000001,4.2,1
C-1951,35,4,20625.55,5156.3875,298.6125,3.25,1
C-1952,20,6,8543.05,1423.8416666666665,107.825,4.166666666666667,1
C-1953,35,7,18428.98,2632.7114285714283,230.1457142857143,4.142857142857143,1
C-1954,47,12,15192.74,1266.0616666666667,194.4383333333333,3.5833333333333335,1
C-1955,32,3,21676.579999999998,7225.526666666666,439.14000000000004,4.0,1
C-1956,58,6,47533.01,7922.168333333334,155.665,2.8333333333333335,0
C-1957,53,3,2016.18,672.0600000000001,43.60666666666666,3.3333333333333335,1
C-1958,51,2,3329.3,1664.65,395.85,3.5,1
C-1959,48,7,25029.09,3575.5842857142857,322.4157142857143,3.0,1
C-1960,64,8,12434.28,1554.285,117.715,2.5,1
C-1961,38,6,7412.69,1235.4483333333333,179.71833333333333,3.6666666666666665,1
C-1962,55,7,5489.13,784.1614285714286,78.83857142857143,2.857142857142857,1
C-1963,44,4,8801.9,2200.475,122.27499999999999,3.75,1
C-1964,64,3,1822.5,607.5,100.83333333333333,4.666666666666667,1
C-1965,51,3,2957.2799999999997,985.7599999999999,146.57333333333335,3.6666666666666665,1
C-1966,46,4,5590.280000000001,1397.5700000000002,218.68,3.5,1
C-1967,53,7,12478.25,1782.607142857143,171.96428571428572,4.285714285714286,1
C-1968,26,8,20867.65,2608.45625,477.41875,3.75,1
C-1969,59,6,6009.81,1001.6350000000001,96.69833333333332,4.166666666666667,1
C-1970,60,10,15344.9,1534.49,144.41,3.3,1
C-1971,54,7,15779.75,2254.25,322.4642857142857,3.4285714285714284,1
C-1972,47,9,17800.15,1977.7944444444447,229.31666666666672,3.4444444444444446,1
C-1973,29,5,11794.54,2358.9080000000004,169.692,3.4,1
C-1975,51,6,39313.14,6552.19,871.4766666666668,4.0,0
C-1976,35,2,1678.2,839.1,59.9,3.0,1
C-1977,54,9,26568.46,2952.051111111111,90.83777777777777,3.2222222222222223,1
C-1978,39,4,5815.74,1453.935,112.565,3.75,1
C-1979,61,8,19727.79,2465.97375,344.77625,3.0,1
C-1980,42,11,26048.34,2368.030909090909,185.24181818181816,3.4545454545454546,1
C-1981,20,3,6354.200000000001,2118.066666666667,79.93333333333332,2.6666666666666665,1
C-1982,59,11,42527.92,3866.1745454545453,404.5527272727273,3.909090909090909,0
C-1983,63,3,5366.3,1788.7666666666667,143.23333333333332,4.333333333333333,1
C-1984,33,5,18306.5,3661.3,68.1,3.0,1
C-1985,65,6,11528.86,1921.4766666666667,251.85666666666665,3.8333333333333335,1
C-1986,38,3,3042.85,1014.2833333333333,134.71666666666667,4.333333333333333,1
C-1987,61,4,6352.08,1588.02,104.73,3.75,1
C-1988,22,7,16030.5,2290.0714285714284,404.2142857142857,3.2857142857142856,1
C-1989,49,12,26376.059999999998,2198.0049999999997,285.9116666666667,4.333333333333333,1
C-1990,48,6,8503.07,1417.1783333333333,209.98833333333332,3.5,1
C-1991,36,11,37957.05,3450.640909090909,375.17727272727274,3.727272727272727,1
C-1992,61,3,2896.1,965.3666666666667,33.300000000000004,3.3333333333333335,1
C-1993,47,9,13053.9,1450.4333333333334,181.7888888888889,4.444444444444445,1
C-1994,29,7,27977.239999999998,3996.7485714285713,366.5371428571429,4.0,1
C-1995,28,5,34679.5,6935.9,1179.9,3.0,0
C-1996,49,5,38571.25,7714.25,854.35,5.0,0
C-1997,58,4,7798.03,1949.5075,273.4925,4.0,1
C-1998,61,1,3597.6,3597.6,899.4,3.0,1
C-1999,40,8,45347.090000000004,5668.3862500000005,104.86375000000001,4.0,0
C-2000,36,10,30899.7,3089.9700000000003,448.33000000000004,4.0,1
C-2001,32,4,13432.76,3358.19,352.31,3.25,1
C-2002,55,5,6707.33,1341.466,77.534,3.6,1
C-2003,55,6,10669.32,1778.22,202.78,4.0,1
C-2004,46,8,17357.27,2169.65875,190.96625,3.5,1
C-2005,26,4,5467.8,1366.95,156.05,1.5,1
C-2006,32,5,10093.529999999999,2018.7059999999997,60.09400000000001,4.2,1
C-2007,21,6,21957.13,3659.521666666667,772.8116666666668,3.5,1
C-2008,47,6,10107.8,1684.6333333333332,104.86666666666667,3.5,1
C-2009,63,6,32286.839999999997,5381.139999999999,584.0266666666666,3.8333333333333335,0
C-2010,29,6,9240.69,1540.115,164.05166666666668,3.6666666666666665,1
C-2011,33,7,29266.920000000002,4180.988571428572,667.0114285714286,3.0,1
C-2012,54,6,33256.04,5542.673333333333,670.9933333333333,2.5,0
C-2013,41,7,13843.41,1977.6299999999999,210.37000000000003,3.5714285714285716,1
C-2014,63,8,10829.0,1353.625,104.125,4.375,1
C-2015,27,5,4805.79,961.158,157.642,3.8,1
C-2016,28,6,16653.600000000002,2775.6000000000004,163.56666666666666,3.8333333333333335,1
C-2017,19,3,8612.38,2870.793333333333,427.8733333333333,4.666666666666667,1
C-2018,47,8,10165.289999999999,1270.6612499999999,237.46375,3.875,1
C-2019,65,4,4140.530000000001,1035.1325000000002,143.6175,2.25,1
C-2020,59,8,9414.15,1176.76875,164.10625,3.25,1
C-2021,36,10,21016.5,2101.65,81.65,3.9,1
C-2022,64,6,13326.81,2221.1349999999998,80.69833333333334,3.1666666666666665,1
C-2023,64,7,21451.17,3064.452857142857,319.26142857142855,3.4285714285714284,1
C-2024,61,2,18317.52,9158.76,1339.74,4.5,0
C-2025,19,7,21806.52,3115.217142857143,97.35428571428572,3.142857142857143,1
C-2026,46,8,12614.939999999999,1576.8674999999998,189.7575,4.0,1
C-2027,21,8,17302.32,2162.79,150.70999999999998,3.875,1
C-2028,51,6,7648.75,1274.7916666666667,165.70833333333334,3.3333333333333335,1
C-2029,19,6,45151.21,7525.201666666667,981.2983333333333,3.5,0
C-2030,61,6,12207.189999999999,2034.5316666666665,338.9683333333333,3.6666666666666665,1
C-2031,43,2,6127.3,3063.65,134.85,1.0,1
C-2032,56,8,9471.460000000001,1183.9325000000001,99.4425,3.875,1
C-2033,60,6,14233.55,2372.258333333333,242.90833333333333,4.666666666666667,1
C-2034,63,3,4490.0,1496.6666666666667,0.0,3.0,1
C-2035,41,10,53084.369999999995,5308.437,312.363,3.8,0
C-2036,40,5,6910.360000000001,1382.0720000000001,151.128,3.0,1
C-2037,23,4,8355.2,2088.8,106.2,3.25,1
C-2038,46,5,5453.53,1090.706,98.09400000000001,3.2,1
C-2039,64,8,10991.1,1373.8875,159.2375,3.375,1
C-2040,56,7,15869.539999999999,2267.077142857143,160.20857142857145,3.857142857142857,1
C-2041,37,5,11661.5,2332.3,215.9,3.4,1
C-2042,22,4,8340.439999999999,2085.1099999999997,288.89,3.5,1
C-2043,18,7,20318.83,2902.69,667.7385714285714,2.857142857142857,1
C-2044,29,9,27265.37,3029.4855555555555,196.62555555555556,2.888888888888889,1
C-2045,26,5,16196.07,3239.214,319.386,5.0,1
C-2046,36,2,5567.35,2783.675,314.825,1.0,1
C-2047,37,4,20830.65,5207.6625,289.83750000000003,3.5,1
C-2048,53,4,16485.18,4121.295,76.455,2.25,1
C-2049,19,2,15376.05,7688.025,9.975,3.0,1
C-2050,37,5,36169.24,7233.848,423.75200000000007,4.2,0
C-2051,59,5,6634.05,1326.81,61.39,4.4,1
C-2052,29,5,10278.05,2055.6099999999997,272.59,4.2,1
C-2053,25,6,11756.31,1959.385,263.615,3.8333333333333335,1
C-2054,56,8,23944.69,2993.08625,395.78875,3.25,1
C-2055,48,5,9339.789999999999,1867.9579999999999,230.24200000000002,3.8,1
C-2056,58,6,9537.68,1589.6133333333335,175.22,3.8333333333333335,1
C-2057,41,5,19080.85,3816.1699999999996,366.83000000000004,3.4,1
C-2058,34,12,45154.96,3762.9133333333334,245.17,3.9166666666666665,0
C-2059,27,5,12235.619999999999,2447.124,231.47599999999997,3.2,1
C-2060,40,6,37998.82,6333.136666666666,1373.8633333333335,3.0,0
C-2061,41,4,2805.88,701.47,106.03,4.0,1
C-2062,36,9,16059.11,1784.3455555555556,63.876666666666665,3.888888888888889,1
C-2063,50,8,11429.55,1428.69375,35.05625,3.25,1
C-2064,56,9,16024.48,1780.4977777777776,151.1688888888889,4.222222222222222,1
C-2065,38,7,10693.52,1527.6457142857143,125.06857142857143,3.7142857142857144,1
C-2066,61,6,9271.5,1545.25,86.58333333333333,4.333333333333333,1
C-2067,52,3,3777.25,1259.0833333333333,98.25,2.6666666666666665,1
C-2068,18,7,5210.5,744.3571428571429,115.21428571428571,4.142857142857143,1
C-2069,41,5,7735.3099999999995,1547.062,158.53799999999998,3.2,1
C-2070,28,7,22340.800000000003,3191.5428571428574,313.8857142857143,3.7142857142857144,1
C-2071,50,6,24141.96,4023.66,507.84,2.8333333333333335,1
C-2072,57,8,8550.6,1068.825,70.67500000000001,3.375,1
C-2073,63,4,7958.12,1989.53,14.97,4.5,1
C-2074,47,10,30782.62,3078.2619999999997,276.738,3.9,1
C-2075,19,3,4401.43,1467.1433333333334,131.52333333333334,3.6666666666666665,1
C-2076,62,4,3658.7799999999997,914.6949999999999,71.805,3.75,1
C-2077,56,4,10784.24,2696.06,151.94,3.5,1
C-2078,63,7,18394.75,2627.8214285714284,170.32142857142858,3.2857142857142856,1
C-2079,32,6,11491.050000000001,1915.1750000000002,207.82500000000002,4.5,1
C-2080,37,5,21087.22,4217.444,85.95599999999999,3.4,1
C-2081,23,8,14013.09,1751.63625,173.73874999999998,4.0,1
C-2082,19,10,10276.63,1027.663,91.437,3.7,1
C-2083,30,10,93178.73999999999,9317.874,172.926,4.4,0
C-2084,55,3,10247.16,3415.72,266.61333333333334,4.0,1
C-2085,34,6,13075.04,2179.1733333333336,218.99333333333334,4.0,1
C-2086,60,7,6070.8,867.2571428571429,158.02857142857144,4.142857142857143,1
C-2087,56,5,4587.95,917.5899999999999,111.41,2.6,1
C-2088,29,4,2471.2,617.8,43.7,3.75,1
C-2089,23,6,10773.56,1795.5933333333332,144.90666666666667,3.3333333333333335,1
C-2090,40,10,39862.91,3986.291,713.409,2.9,0
C-2091,64,6,6525.13,1087.5216666666668,61.81166666666667,3.0,1
C-2092,54,8,8215.68,1026.96,202.79,3.5,1
C-2093,18,3,10102.24,3367.4133333333334,263.92,2.0,1
C-2094,36,9,17309.48,1923.2755555555555,344.0577777777778,2.6666666666666665,1
C-2095,64,4,8380.52,2095.13,77.87,4.75,1
C-2096,63,3,4436.15,1478.7166666666665,245.28333333333333,3.6666666666666665,1
C-2097,29,4,12194.619999999999,3048.6549999999997,349.84499999999997,3.5,1
C-2098,40,8,13892.68,1736.585,96.29,3.75,1
C-2099,50,7,8990.23,1284.3185714285714,142.25285714285715,3.2857142857142856,1
C-2100,38,5,6114.7,1222.94,125.86000000000001,3.2,1
C-2101,51,8,9646.08,1205.76,97.49000000000001,4.0,1
C-2102,63,3,1411.4499999999998,470.4833333333333,68.51666666666667,4.333333333333333,1
C-2103,23,8,51785.84,6473.23,574.895,3.75,0
C-2104,42,5,7592.759999999999,1518.552,190.04799999999997,4.4,1
C-2105,65,5,12559.75,2511.95,266.85,3.6,1
C-2106,53,8,33237.79,4154.72375,605.65125,3.75,0
C-2107,30,5,16458.4,3291.6800000000003,86.92,3.6,1
C-2108,29,5,5923.02,1184.604,113.796,3.8,1
C-2109,43,5,10582.63,2116.526,117.474,3.6,1
C-2110,25,4,7239.3,1809.825,76.175,2.25,1
C-2111,62,6,7943.95,1323.9916666666666,140.67499999999998,3.0,1
C-2112,22,6,28756.159999999996,4792.693333333333,755.8066666666667,3.3333333333333335,0
C-2113,30,3,5289.28,1763.0933333333332,194.57333333333335,4.333333333333333,1
C-2114,32,7,12223.86,1746.2657142857145,120.30571428571429,3.7142857142857144,1
C-2115,63,9,14909.130000000001,1656.5700000000002,238.98555555555555,4.333333333333333,1
C-2116,59,5,10515.55,2103.1099999999997,430.89,3.6,1
C-2117,60,9,10726.01,1191.778888888889,106.66555555555556,4.111111111111111,1
C-2118,50,6,19795.45,3299.241666666667,182.42499999999998,2.8333333333333335,1
C-2119,24,5,7780.5,1556.1,142.90000000000003,3.2,1
C-2120,49,1,2998.0,2998.0,0.0,5.0,1
C-2121,24,10,16185.24,1618.524,223.47600000000003,4.2,1
C-2122,49,3,5724.6,1908.2,323.8,3.0,1
C-2123,42,7,13204.69,1886.3842857142859,118.47285714285714,2.7142857142857144,1
C-2124,37,8,21871.22,2733.9025,276.5975,4.0,1
C-2125,22,11,20748.68,1886.2436363636364,107.93818181818182,3.1818181818181817,1
C-2126,47,4,5474.67,1368.6675,129.5825,2.25,1
C-2127,49,5,12946.560000000001,2589.3120000000004,398.688,2.8,1
C-2128,39,3,9284.3,3094.7666666666664,103.23333333333335,4.0,1
C-2129,20,6,8527.48,1421.2466666666667,85.58666666666666,3.8333333333333335,1
C-2130,46,5,5837.14,1167.428,127.372,4.2,1
C-2131,47,8,13218.93,1652.36625,80.38375,3.0,1
C-2132,53,3,4987.33,1662.4433333333334,203.22333333333336,5.0,1
C-2133,49,11,16036.17,1457.8336363636363,118.34818181818181,3.272727272727273,1
C-2134,63,3,2816.16,938.7199999999999,26.613333333333333,3.6666666666666665,1
C-2135,54,6,7949.07,1324.845,48.655,3.3333333333333335,1
C-2136,61,7,7828.7,1118.3857142857144,41.18571428571429,3.4285714285714284,1
C-2137,48,7,11565.86,1652.2657142857145,103.44857142857143,3.857142857142857,1
C-2138,21,9,27977.149999999998,3108.572222222222,256.98333333333335,3.888888888888889,1
C-2139,55,8,11782.15,1472.76875,44.98125,3.75,1
C-2140,36,7,30484.83,4354.975714285714,278.88142857142856,3.142857142857143,1
C-2141,55,5,24489.08,4897.816000000001,20.784,3.4,1
C-2142,40,7,30887.850000000002,4412.55,685.8785714285714,3.5714285714285716,0
C-2143,58,9,25611.15,2845.6833333333334,196.8722222222222,3.888888888888889,1
C-2144,45,3,3376.38,1125.46,106.54,4.0,1
C-2145,40,9,12474.93,1386.1033333333335,173.11888888888888,4.333333333333333,1
C-2146,33,5,5240.33,1048.066,80.934,3.8,1
C-2147,23,8,7298.95,912.36875,58.38125,4.125,1
C-2148,25,8,10819.869999999999,1352.4837499999999,140.14125,3.375,1
C-2149,52,8,22144.65,2768.08125,377.04375,3.5,1
C-2150,60,6,10705.65,1784.2749999999999,263.22499999999997,3.6666666666666665,1
C-2151,44,3,2469.7799999999997,823.2599999999999,92.40666666666668,4.333333333333333,1
C-2152,55,5,25811.14,5162.228,635.7719999999999,3.4,1
C-2153,54,12,17174.8,1431.2333333333333,184.4333333333333,3.8333333333333335,1
C-2154,24,9,15007.41,1667.49,97.28777777777776,3.4444444444444446,1
C-2155,39,7,7221.16,1031.5942857142857,66.4057142857143,3.857142857142857,1
C-2156,28,6,56518.49,9419.748333333333,1461.7516666666668,3.8333333333333335,0
C-2157,45,8,12668.6,1583.575,127.3,3.75,1
C-2158,52,3,3497.42,1165.8066666666666,132.85999999999999,3.6666666666666665,1
C-2159,21,4,12191.470000000001,3047.8675000000003,700.1325,3.75,1
C-2160,32,5,6493.450000000001,1298.69,125.10999999999999,3.8,1
C-2161,24,4,10002.17,2500.5425,572.4575,3.75,1
C-2162,22,9,28720.4,3191.1555555555556,443.73333333333335,3.5555555555555554,1
C-2163,45,2,1066.28,533.14,65.86,4.5,1
C-2164,59,1,1470.16,1470.16,127.84,4.0,1
C-2165,45,2,10073.4,5036.7,259.8,4.5,1
C-2166,30,8,39984.17,4998.02125,775.22875,1.875,0
C-2167,57,5,11168.96,2233.792,263.808,3.8,1
C-2168,29,6,13111.6,2185.266666666667,179.9,4.333333333333333,1
C-2169,54,6,11642.84,1940.4733333333334,233.02666666666667,3.5,1
C-2170,35,3,4019.97,1339.99,175.34333333333333,3.3333333333333335,1
C-2171,45,5,3414.9,682.98,28.02,3.2,1
C-2172,30,2,4688.12,2344.06,53.94,1.5,1
C-2173,33,6,7201.400000000001,1200.2333333333333,48.26666666666667,3.8333333333333335,1
C-2174,44,2,1174.3799999999999,587.1899999999999,60.81,4.5,1
C-2175,44,8,14699.5,1837.4375,223.4375,3.75,1
C-2176,34,7,8807.97,1258.2814285714285,154.43285714285713,4.142857142857143,1
C-2177,43,3,1295.0,431.6666666666667,46.0,4.0,1
C-2178,30,2,2021.11,1010.555,130.445,3.0,1
C-2179,47,6,14083.55,2347.258333333333,226.57500000000002,2.8333333333333335,1
C-2180,45,2,3219.0,1609.5,202.5,3.5,1
C-2181,28,8,12747.64,1593.455,136.295,3.25,1
C-2182,34,7,4286.86,612.4085714285713,72.02,4.142857142857143,1
C-2183,59,5,3497.19,699.438,54.362,4.4,1
C-2184,21,4,7242.969999999999,1810.7424999999998,225.5075,3.0,1
C-2185,37,6,5713.6,952.2666666666668,146.56666666666666,4.666666666666667,1
C-2186,60,4,5907.84,1476.96,145.79,4.0,1
C-2187,64,3,14844.05,4948.016666666666,83.31666666666666,4.666666666666667,1
C-2188,54,6,39360.63,6560.105,1034.7283333333332,2.6666666666666665,0
C-2189,51,8,25059.48,3132.435,467.315,3.625,1
C-2190,34,7,25523.699999999997,3646.242857142857,366.90000000000003,3.857142857142857,1
C-2191,56,6,5080.53,846.755,61.745000000000005,3.3333333333333335,1
C-2192,55,3,6830.44,2276.813333333333,187.85333333333332,4.666666666666667,1
C-2193,45,5,18619.4,3723.88,543.72,4.6,1
C-2194,29,5,10995.45,2199.09,239.91,4.6,1
C-2195,44,4,6042.78,1510.695,287.805,4.5,1
C-2196,49,5,5044.37,1008.874,55.126,4.2,1
C-2197,38,7,12987.1,1855.3,149.84285714285716,2.857142857142857,1
C-2198,61,7,13237.94,1891.1342857142859,106.72285714285714,3.142857142857143,1
C-2199,41,6,16181.01,2696.835,158.99833333333333,2.5,1
C-2200,19,10,28106.489999999998,2810.649,230.65099999999998,3.0,1
C-2201,65,7,12252.9,1750.4142857142856,91.01428571428572,3.5714285714285716,1
C-2202,34,7,25804.739999999998,3686.391428571428,389.7514285714286,2.7142857142857144,1
C-2203,58,8,20157.28,2519.66,208.34,3.25,1
C-2204,52,6,13699.8,2283.2999999999997,189.86666666666665,3.3333333333333335,1
C-2205,18,6,7728.92,1288.1533333333334,101.51333333333334,3.5,1
C-2206,23,8,22148.44,2768.555,79.82,3.375,1
C-2207,28,5,7227.13,1445.426,182.774,2.8,1
C-2208,20,8,9973.07,1246.63375,101.86625,3.875,1
C-2209,48,5,39450.619999999995,7890.123999999999,747.876,2.6,0
C-2210,63,8,17754.07,2219.25875,135.11625,3.875,1
C-2211,62,6,27505.66,4584.276666666667,614.39,4.5,1
C-2212,40,9,14142.23,1571.358888888889,88.41888888888889,3.4444444444444446,1
C-2213,65,3,3798.8,1266.2666666666667,131.4,3.3333333333333335,1
C-2214,21,9,71200.52,7911.168888888889,87.38666666666667,2.5555555555555554,0
C-2215,59,3,3023.38,1007.7933333333334,123.87333333333333,3.3333333333333335,1
C-2216,30,6,31809.899999999998,5301.65,129.51666666666668,2.6666666666666665,1
C-2217,54,4,5839.400000000001,1459.8500000000001,51.15,4.25,1
C-2218,33,8,29263.05,3657.88125,277.36875,3.75,1
C-2219,61,9,8815.67,979.5188888888889,124.36999999999999,4.0,1
C-2220,48,7,27825.45,3975.0642857142857,351.0785714285715,3.142857142857143,1
C-2221,29,9,27047.019999999997,3005.224444444444,87.88666666666667,4.0,1
C-2222,36,5,6933.24,1386.648,11.952,4.4,1
C-2223,41,3,11915.2,3971.7333333333336,226.6,3.0,1
C-2224,54,3,6357.66,2119.22,345.78000000000003,4.333333333333333,1
C-2225,53,8,30080.53,3760.06625,274.93375,3.875,1
C-2226,23,7,5760.84,822.9771428571429,85.02285714285715,3.5714285714285716,1
C-2227,62,8,12268.24,1533.53,90.22,4.5,1
C-2228,57,2,3525.12,1762.56,35.94,2.0,1
C-2229,27,8,11967.45,1495.93125,132.06875,3.75,1
C-2230,54,7,35689.77,5098.538571428571,298.89,3.857142857142857,1
C-2231,45,7,9296.89,1328.1271428571429,84.15857142857143,3.857142857142857,1
C-2232,32,6,12549.42,2091.57,297.93,2.5,1
C-2233,35,8,9064.119999999999,1133.0149999999999,77.985,3.625,1
C-2234,26,5,11621.3,2324.2599999999998,53.94,3.6,1
C-2235,31,2,2154.32,1077.16,246.84,3.0,1
C-2236,29,6,35815.4,5969.233333333334,1299.7666666666667,3.8333333333333335,0
C-2237,36,11,29204.44,2654.949090909091,179.32363636363635,3.909090909090909,1
C-2238,46,7,13634.289999999999,1947.7557142857142,243.53,3.7142857142857144,1
C-2239,61,9,33785.759999999995,3753.973333333333,411.1377777777778,4.222222222222222,1
C-2240,18,7,21827.18,3118.1685714285713,251.26,3.5714285714285716,1
C-2241,62,6,11184.75,1864.125,129.875,4.666666666666667,1
C-2242,63,5,11553.8,2310.7599999999998,337.84,4.0,1
C-2243,22,11,34395.83,3126.8936363636367,365.28818181818184,4.090909090909091,1
C-2244,21,6,10565.64,1760.9399999999998,200.55999999999997,4.5,1
C-2245,40,6,31426.96,5237.826666666667,368.50666666666666,3.1666666666666665,1
C-2246,18,7,13771.64,1967.3771428571429,248.7657142857143,4.0,1
C-2247,42,2,3373.2,1686.6,149.9,4.5,1
C-2248,26,5,8362.21,1672.4419999999998,75.15799999999999,4.0,1
C-2249,29,7,14892.85,2127.55,131.87857142857143,2.857142857142857,1
C-2250,49,4,5964.74,1491.185,163.315,3.75,1
C-2251,23,5,5236.25,1047.25,76.15,4.0,1
C-2252,27,9,19326.49,2147.387777777778,109.72333333333333,3.2222222222222223,1
C-2253,20,2,1673.05,836.525,37.475,1.0,1
C-2254,65,1,499.0,499.0,0.0,5.0,1
C-2255,34,6,14468.92,2411.4866666666667,261.84666666666664,4.333333333333333,1
C-2256,38,5,9283.14,1856.628,167.172,3.4,1
C-2257,65,8,10066.38,1258.2975,81.4525,2.5,1
C-2258,60,6,17703.940000000002,2950.656666666667,230.67666666666665,4.333333333333333,1
C-2259,30,3,4346.15,1448.7166666666665,225.28333333333333,3.0,1
C-2260,29,9,15646.28,1738.4755555555557,163.19111111111113,4.222222222222222,1
C-2261,28,5,2904.67,580.934,43.266,2.2,1
C-2262,25,6,6831.549999999999,1138.5916666666665,110.40833333333335,4.5,1
C-2263,40,7,25590.38,3655.7685714285717,88.37428571428572,3.857142857142857,1
C-2264,47,3,2376.4,792.1333333333333,106.53333333333335,4.666666666666667,1
C-2265,25,6,11378.36,1896.3933333333334,127.27333333333333,4.5,1
C-2266,36,5,40892.799999999996,8178.5599999999995,425.43999999999994,3.6,0
C-2267,35,6,8456.66,1409.4433333333334,181.89000000000001,3.3333333333333335,1
C-2268,55,4,8898.75,2224.6875,373.5625,4.5,1
C-2269,29,3,3863.13,1287.71,44.623333333333335,4.666666666666667,1
C-2270,49,6,25850.100000000002,4308.35,319.15000000000003,3.3333333333333335,1
C-2271,19,6,10388.02,1731.3366666666668,187.83,3.6666666666666665,1
C-2272,41,3,3118.55,1039.5166666666667,9.15,4.333333333333333,1
C-2273,27,8,18445.16,2305.645,257.98,4.0,1
C-2274,63,3,3589.62,1196.54,110.79333333333334,3.6666666666666665,1
C-2275,58,7,22501.88,3214.554285714286,655.4457142857143,3.2857142857142856,1
C-2276,39,5,7628.95,1525.79,153.41,4.0,1
C-2277,38,3,8715.2,2905.066666666667,426.59999999999997,2.0,1
C-2278,31,5,7071.7,1414.34,33.46,3.4,1
C-2279,21,5,63716.74,12743.348,1034.852,4.4,0
C-2280,56,7,10061.48,1437.3542857142857,153.78857142857143,4.285714285714286,1
C-2281,34,4,18503.69,4625.9225,772.3275,4.0,1
C-2282,23,9,12613.73,1401.5255555555555,85.25222222222222,3.111111111111111,1
C-2283,42,6,9028.81,1504.8016666666665,139.53166666666667,4.166666666666667,1
C-2284,25,7,19012.16,2716.022857142857,282.4057142857143,4.428571428571429,1
C-2285,65,7,11961.82,1708.8314285714284,89.59714285714287,3.2857142857142856,1
C-2286,40,7,6967.7300000000005,995.3900000000001,89.03857142857143,3.857142857142857,1
C-2287,50,4,26637.1,6659.275,109.475,4.75,1
C-2288,42,9,46073.64,5119.293333333333,1093.04,4.333333333333333,0
C-2289,56,7,13900.480000000001,1985.7828571428574,219.0742857142857,3.857142857142857,1
C-2290,41,7,17014.35,2430.621428571428,85.95,4.142857142857143,1
C-2291,58,9,12081.85,1342.427777777778,125.35000000000001,3.2222222222222223,1
C-2292,50,3,3890.15,1296.7166666666667,159.28333333333333,3.0,1
C-2293,59,3,5514.84,1838.28,359.72,3.3333333333333335,1
C-2294,51,5,11261.759999999998,2252.352,246.248,4.0,1
C-2295,36,4,7403.639999999999,1850.9099999999999,146.84,4.5,1
C-2296,48,3,2106.59,702.1966666666667,91.80333333333333,4.0,1
C-2297,61,6,6782.12,1130.3533333333332,109.14666666666666,4.0,1
C-2298,45,8,12525.84,1565.73,170.145,2.625,1
C-2299,53,3,8806.369999999999,2935.4566666666665,479.21000000000004,4.333333333333333,1
C-2300,24,7,6403.82,914.8314285714285,101.88285714285715,4.714285714285714,1
C-2301,24,3,2764.3,921.4333333333334,110.89999999999999,4.333333333333333,1
C-2302,40,10,22802.11,2280.2110000000002,425.78900000000004,3.2,1
C-2303,50,9,36822.89,4091.432222222222,517.5677777777778,3.4444444444444446,0
C-2304,29,13,42341.409999999996,3257.0315384615383,564.7376923076923,3.5384615384615383,0
C-2305,23,5,9127.78,1825.556,233.044,4.0,1
C-2306,55,6,21993.14,3665.523333333333,324.47666666666663,3.0,1
C-2307,57,9,15134.33,1681.5922222222223,102.96333333333332,3.5555555555555554,1
C-2308,31,6,21975.84,3662.64,369.85999999999996,2.6666666666666665,1
C-2309,34,7,33718.38,4816.911428571429,617.2314285714285,4.571428571428571,0
C-2310,52,7,7428.5,1061.2142857142858,79.92857142857143,4.142857142857143,1
C-2311,25,4,5153.46,1288.365,97.38499999999999,3.5,1
C-2312,47,6,19683.84,3280.64,384.5266666666667,3.3333333333333335,1
C-2313,64,3,12846.2,4282.066666666667,199.9333333333333,4.666666666666667,1
C-2314,57,2,2912.44,1456.22,191.78,4.5,1
C-2315,23,4,3113.38,778.345,108.405,4.5,1
C-2316,30,4,4669.45,1167.3625,106.1375,2.5,1
C-2317,19,8,23291.34,2911.4175,605.8325,2.875,1
C-2318,59,1,439.2,439.2,109.8,4.0,1
C-2319,30,7,24396.62,3485.2314285714283,169.9114285714286,3.7142857142857144,1
C-2320,27,6,13901.29,2316.8816666666667,173.285,2.6666666666666665,1
C-2321,25,5,20906.760000000002,4181.352000000001,827.048,4.0,1
C-2322,49,8,22217.4,2777.175,289.825,3.25,1
C-2323,55,7,7814.74,1116.3914285714286,117.89428571428572,4.0,1
C-2324,54,8,40628.770000000004,5078.5962500000005,451.40375000000006,3.25,0
C-2325,18,3,22725.38,7575.126666666667,556.5400000000001,4.666666666666667,0
C-2326,49,6,14535.169999999998,2422.528333333333,275.805,2.6666666666666665,1
C-2327,64,4,2791.81,697.9525,70.0475,3.25,1
C-2328,49,9,22500.16,2500.0177777777776,142.20444444444445,2.4444444444444446,1
C-2329,55,5,14556.06,2911.212,346.588,4.2,1
C-2330,32,5,24075.43,4815.086,153.514,2.2,1
C-2331,19,4,18709.04,4677.26,29.490000000000002,3.25,1
C-2332,53,7,25562.6,3651.7999999999997,446.2,4.285714285714286,1
C-2333,48,6,15167.369999999999,2527.895,259.7716666666667,3.3333333333333335,1
C-2334,59,3,7124.530000000001,2374.8433333333337,222.82333333333335,4.333333333333333,1
C-2335,19,5,23336.05,4667.21,520.1899999999999,3.4,1
C-2336,48,6,12504.779999999999,2084.1299999999997,130.37,3.8333333333333335,1
C-2337,50,7,9825.07,1403.5814285714284,209.13285714285712,4.0,1
C-2338,56,7,14806.55,2115.2214285714285,276.35,3.7142857142857144,1
C-2339,36,7,13234.43,1890.6328571428571,50.51,4.0,1
C-2340,61,5,4337.52,867.5040000000001,81.096,4.4,1
C-2341,28,8,14365.48,1795.685,84.565,3.5,1
C-2342,62,9,27780.789999999997,3086.7544444444443,276.9122222222222,3.6666666666666665,1
C-2343,26,5,13153.550000000001,2630.71,106.89000000000001,4.8,1
C-2344,56,3,4900.6,1633.5333333333335,189.79999999999998,3.0,1
C-2345,49,12,22117.21,1843.1008333333332,247.06583333333333,3.3333333333333335,1
C-2346,53,5,8892.65,1778.53,139.87,3.2,1
C-2347,34,6,14861.36,2476.8933333333334,42.27333333333333,3.8333333333333335,1
C-2348,50,4,12191.0,3047.75,0.0,2.75,1
C-2349,45,8,13829.91,1728.73875,161.51125,3.625,1
C-2350,25,4,44344.299999999996,11086.074999999999,962.4250000000001,4.5,0
C-2351,34,5,24018.95,4803.79,559.01,3.2,1
C-2352,53,7,3841.25,548.75,82.25,3.4285714285714284,1
C-2353,56,5,6874.15,1374.83,13.969999999999999,3.6,1
C-2354,46,1,550.16,550.16,47.84,3.0,1
C-2355,57,4,7353.78,1838.445,184.805,3.75,1
C-2356,20,3,8864.31,2954.77,210.5633333333333,3.6666666666666665,1
C-2357,58,11,23299.17,2118.1063636363633,260.89363636363635,4.0,1
C-2358,28,10,19195.8,1919.58,221.21999999999997,3.4,1
C-2359,50,3,6344.68,2114.8933333333334,483.7733333333333,2.3333333333333335,1
C-2360,59,8,11119.36,1389.92,296.455,3.5,1
C-2361,25,9,49984.04,5553.782222222222,488.99555555555554,3.2222222222222223,0
C-2362,18,4,7975.49,1993.8725,229.3775,4.0,1
C-2363,36,4,10506.36,2626.59,120.91,3.0,1
C-2364,35,5,23011.920000000002,4602.384,435.816,3.0,1
C-2365,58,4,1890.53,472.6325,45.1175,3.5,1
C-2366,51,3,2350.5,783.5,110.83333333333333,4.666666666666667,1
C-2367,45,8,18079.28,2259.91,236.59,3.125,1
C-2368,51,3,1969.95,656.65,77.68333333333334,3.0,1
C-2369,46,4,3666.1,916.525,19.975,2.5,1
C-2370,22,7,14621.17,2088.7385714285715,252.26142857142855,3.7142857142857144,1
C-2371,43,4,3270.95,817.7375,130.5125,4.5,1
C-2372,43,8,6582.35,822.79375,80.45625,3.75,1
C-2373,21,4,15718.64,3929.66,381.34000000000003,3.25,1
C-2374,44,4,21720.2,5430.05,37.2,4.25,1
C-2375,64,8,24310.25,3038.78125,176.34375,3.75,1
C-2376,18,11,15499.47,1409.0427272727272,139.32090909090908,3.272727272727273,1
C-2377,27,6,6908.75,1151.4583333333333,36.375,4.0,1
C-2378,59,9,11031.24,1225.6933333333334,122.75111111111111,4.111111111111111,1
C-2379,57,8,7750.65,968.83125,61.16875,4.375,1
C-2380,59,4,4114.85,1028.7125,126.7875,3.25,1
C-2381,23,1,4498.2,4498.2,499.8,4.0,1
C-2382,42,7,12198.05,1742.5785714285714,270.56428571428575,3.0,1
C-2383,52,5,11644.64,2328.928,189.47199999999998,4.8,1
C-2384,50,1,1747.08,1747.08,151.92,5.0,1
C-2385,39,6,27217.2,4536.2,137.63333333333333,3.3333333333333335,1
C-2386,19,7,15315.07,2187.867142857143,239.41857142857143,3.857142857142857,1
C-2387,33,7,11117.06,1588.1514285714286,110.42,4.285714285714286,1
C-2388,25,4,17364.29,4341.0725,307.1775,4.0,1
C-2389,34,7,9760.14,1394.3057142857142,146.98,4.428571428571429,1
C-2390,25,8,8800.94,1100.1175,170.88250000000002,3.375,1
C-2391,37,3,5755.2,1918.3999999999999,479.59999999999997,3.3333333333333335,1
C-2392,39,9,14089.48,1565.4977777777776,166.39111111111112,3.4444444444444446,1
C-2393,63,7,42133.75,6019.107142857143,626.8928571428571,4.142857142857143,0
C-2394,32,6,10677.43,1779.5716666666667,85.76166666666666,4.166666666666667,1
C-2395,60,4,13383.689999999999,3345.9224999999997,377.0775,3.25,1
C-2396,63,7,13958.9,1994.1285714285714,225.58571428571426,3.7142857142857144,1
C-2397,24,12,29450.67,2454.2225,110.77749999999999,3.8333333333333335,1
C-2398,30,7,9111.1,1301.5857142857144,154.12857142857143,3.4285714285714284,1
C-2399,27,10,27206.59,2720.659,282.541,3.8,1
C-2400,23,5,9406.08,1881.216,357.384,3.6,1
C-2401,26,4,10741.2,2685.3,474.7,2.5,1
C-2402,22,11,30550.49,2777.3172727272727,485.04636363636365,4.2727272727272725,1
C-2403,55,5,20499.34,4099.868,287.73199999999997,4.6,1
C-2404,34,6,23666.28,3944.3799999999997,457.7866666666667,3.3333333333333335,1
C-2405,46,9,43188.08,4798.675555555556,251.88,3.7777777777777777,0
C-2406,28,7,14354.14,2050.5914285714284,247.69428571428574,3.5714285714285716,1
C-2407,49,9,17850.18,1983.3533333333335,215.42444444444448,2.888888888888889,1
C-2408,63,4,9922.14,2480.535,455.715,3.5,1
C-2409,62,4,9272.8,2318.2,179.8,2.75,1
C-2410,20,10,36759.86,3675.986,641.914,3.0,0
C-2411,41,6,46670.37,7778.395,269.605,3.1666666666666665,0
C-2412,25,8,13741.91,1717.73875,170.51125,4.25,1
C-2413,36,4,24034.329999999998,6008.5824999999995,289.4175,4.0,1
C-2414,25,4,2671.6,667.9,36.6,3.25,1
C-2415,37,9,19964.81,2218.3122222222223,235.24333333333334,3.888888888888889,1
C-2416,27,5,3957.68,791.536,67.064,2.8,1
C-2417,21,9,13058.17,1450.9077777777777,130.87,2.7777777777777777,1
C-2418,29,7,8821.3,1260.185714285714,167.24285714285716,4.0,1
C-2419,25,6,13509.25,2251.5416666666665,179.95833333333334,3.3333333333333335,1
C-2420,20,5,3687.3,737.46,79.14,4.2,1
C-2421,37,5,19844.33,3968.8660000000004,360.334,3.6,1
C-2422,42,5,8650.4,1730.08,87.91999999999999,3.2,1
C-2423,26,5,9623.8,1924.7599999999998,27.639999999999997,2.8,1
C-2424,60,4,11904.92,2976.23,321.77,4.0,1
C-2425,23,3,1602.5,534.1666666666666,114.83333333333333,4.0,1
C-2426,42,7,13002.72,1857.5314285714285,147.18285714285713,4.428571428571429,1
C-2427,52,8,18805.5,2350.6875,259.8125,3.5,1
C-2428,59,7,10180.89,1454.412857142857,105.30142857142857,4.0,1
C-2429,54,9,18598.48,2066.4977777777776,110.05777777777777,3.0,1
C-2430,59,5,11709.84,2341.968,347.43199999999996,4.8,1
C-2431,30,4,9467.05,2366.7625,455.9875,4.5,1
C-2432,21,11,6916.7,628.790909090909,48.66363636363636,3.8181818181818183,1
C-2433,48,5,11227.1,2245.42,168.18,3.4,1
C-2434,60,8,7543.719999999999,942.9649999999999,87.285,3.25,1
C-2435,35,6,12975.5,2162.5833333333335,60.25,3.6666666666666665,1
C-2436,46,5,10794.43,2158.886,139.714,3.2,1
C-2437,38,6,13106.89,2184.4816666666666,248.85166666666666,3.3333333333333335,1
C-2438,49,4,5563.96,1390.99,145.26,2.5,1
C-2439,29,7,32982.41,4711.772857142858,439.37,3.142857142857143,1
C-2440,38,6,10798.42,1799.7366666666667,65.59666666666666,2.6666666666666665,1
C-2441,25,7,9753.4,1393.3428571428572,158.37142857142857,3.7142857142857144,1
C-2442,36,2,1508.2,754.1,119.9,3.0,1
C-2443,23,8,10482.04,1310.255,150.87,3.25,1
C-2444,61,3,3271.43,1090.4766666666667,141.85666666666665,4.666666666666667,1
C-2445,38,8,21923.27,2740.40875,70.34125,3.0,1
C-2446,37,5,74389.59,14877.918,239.282,3.6,0
C-2447,27,4,21718.15,5429.5375,143.4625,4.25,1
C-2448,42,6,7795.74,1299.29,115.87666666666667,3.0,1
C-2449,33,2,1337.12,668.56,29.94,4.5,1
C-2450,49,9,15679.529999999999,1742.1699999999998,103.94111111111111,3.6666666666666665,1
C-2451,25,7,13922.45,1988.9214285714286,237.65,3.0,1
C-2452,47,7,12465.61,1780.8014285714287,370.77,3.5714285714285716,1
C-2453,48,6,14951.43,2491.905,256.42833333333334,2.0,1
C-2454,19,4,8617.42,2154.355,81.39500000000001,2.75,1
C-2455,61,7,20874.760000000002,2982.108571428572,166.03428571428572,3.2857142857142856,1
C-2456,59,6,6761.8,1126.9666666666667,105.03333333333335,4.166666666666667,1
C-2457,44,10,33292.71,3329.2709999999997,443.829,3.9,1
C-2458,31,7,7264.48,1037.782857142857,214.35999999999999,3.4285714285714284,1
C-2459,28,8,15988.779999999999,1998.5974999999999,74.7775,4.125,1
C-2460,53,8,35701.399999999994,4462.674999999999,550.95,3.875,0
C-2461,47,2,12497.0,6248.5,0.0,4.0,1
C-2462,18,6,25794.12,4299.0199999999995,633.1466666666666,3.1666666666666665,1
C-2463,56,8,12056.21,1507.02625,53.72375,3.375,1
C-2464,58,5,17805.72,3561.1440000000002,837.8560000000001,4.8,1
C-2465,36,5,11798.95,2359.79,118.41,2.8,1
C-2466,54,4,29179.85,7294.9625,515.2875,3.25,0
C-2467,43,8,34944.03,4368.00375,442.87125000000003,2.75,1
C-2468,64,10,12386.279999999999,1238.628,85.172,3.0,1
C-2469,31,9,29282.86,3253.6511111111113,78.3488888888889,2.4444444444444446,1
C-2470,61,6,71918.47,11986.411666666667,424.75500000000005,4.166666666666667,0
C-2471,35,5,2731.7,546.3399999999999,102.25999999999999,3.6,1
C-2472,31,4,9509.36,2377.34,208.41,3.5,1
C-2473,19,6,13353.740000000002,2225.6233333333334,210.37666666666667,3.5,1
C-2474,56,6,10066.79,1677.7983333333334,220.86833333333334,3.0,1
C-2475,61,5,12373.189999999999,2474.638,213.762,2.8,1
C-2476,62,3,6585.44,2195.1466666666665,235.85333333333332,4.666666666666667,1
C-2477,52,10,46848.5,4684.85,427.85,3.0,0
C-2478,19,5,3903.65,780.73,108.27000000000001,4.2,1
C-2479,40,4,39928.86,9982.215,991.0350000000001,3.0,0
C-2480,42,6,8073.68,1345.6133333333335,192.5533333333333,3.6666666666666665,1
C-2481,47,7,70503.14,10071.877142857144,240.4085714285714,2.7142857142857144,0
C-2482,18,5,4879.25,975.85,76.75,4.6,1
C-2483,61,6,16484.05,2747.3416666666667,173.82500000000002,3.1666666666666665,1
C-2484,23,7,11942.6,1706.0857142857144,214.05714285714285,3.857142857142857,1
C-2485,32,9,20241.719999999998,2249.08,62.25333333333333,3.6666666666666665,1
C-2486,35,4,7853.8,1963.45,111.55000000000001,2.75,1
C-2487,18,6,5871.6,978.6,149.0666666666667,2.6666666666666665,1
C-2488,35,8,13861.369999999999,1732.6712499999999,187.20375,3.375,1
C-2489,28,4,40456.8,10114.2,132.3,2.5,0
C-2490,61,7,15885.57,2269.367142857143,361.3471428571429,2.857142857142857,1
C-2491,29,7,23105.17,3300.738571428571,318.9757142857143,3.5714285714285716,1
C-2492,65,7,6485.03,926.4328571428571,82.99571428571429,3.4285714285714284,1
C-2493,54,6,41841.619999999995,6973.603333333333,1100.23,4.166666666666667,0
C-2494,30,14,38038.189999999995,2717.013571428571,274.6292857142857,3.7857142857142856,1
C-2495,57,4,29270.510000000002,7317.6275000000005,280.8725,2.75,0
C-2496,18,10,17066.3,1706.6299999999999,166.97,3.7,1
C-2497,45,6,8713.75,1452.2916666666667,221.54166666666666,4.166666666666667,1
C-2498,61,4,5462.4,1365.6,289.9,4.25,1
C-2499,41,4,6524.65,1631.1625,242.3375,3.0,1
C-2500,21,10,29146.12,2914.612,284.288,4.5,1
